Date,CLOSE,HIGH,LOW,OPEN
2014-02-24,11593,,,
2014-02-25,12482,,,
2014-02-26,13821,,,
2014-02-27,14969,,,
2014-02-28,15416,,,
2014-03-03,16278,,,
2014-03-04,18102,,,
2014-03-05,20606,,,
2014-03-06,24109,,,
2014-03-07,26230,,,
2014-03-10,26826,,,
2014-03-11,27054,,,
2014-03-12,22322,,,
2014-03-13,22666,,,
2014-03-14,22755,,,
2014-03-17,22870,,,
2014-03-18,24316,,,
2014-03-19,26010,,,
2014-03-20,27315,,,
2014-03-21,26421,,,
2014-03-24,26573,,,
2014-03-25,25901,,,
2014-03-26,23405,,,
2014-03-27,21050,,,
2014-03-28,20407,,,
2014-03-31,20636,,,
2014-04-01,19861,,,
2014-04-02,18979,,,
2014-04-03,18123,,,
2014-04-04,17647,,,
2014-04-07,17416,,,
2014-04-08,14605,,,
2014-04-09,13609,,,
2014-04-10,12769,,,
2014-04-11,12065,,,
2014-04-14,11768,,,
2014-04-15,11377,,,
2014-04-16,10298,,,
2014-04-17,10091,,,
2014-04-22,10371,,,
2014-04-23,10881,,,
2014-04-24,11088,,,
2014-04-25,11077,,,
2014-04-28,10776,,,
2014-04-29,10238,,,
2014-04-30,10166,,,
2014-05-01,11732,,,
2014-05-02,12835,,,
2014-05-06,12933,,,
2014-05-07,12874,,,
2014-05-08,12342,,,
2014-05-09,11912,,,
2014-05-12,11523,,,
2014-05-13,11228,,,
2014-05-14,11745,,,
2014-05-15,12195,,,
2014-05-16,12310,,,
2014-05-19,12097,,,
2014-05-20,11659,,,
2014-05-21,11032,,,
2014-05-22,10574,,,
2014-05-23,10786,,,
2014-05-27,11461,,,
2014-05-28,11095,,,
2014-05-29,10878,,,
2014-05-30,10983,,,
2014-06-02,11220,,,
2014-06-03,11929,,,
2014-06-04,12675,,,
2014-06-05,13685,,,
2014-06-06,14480,,,
2014-06-09,15050,,,
2014-06-10,15489,,,
2014-06-11,14780,,,
2014-06-12,14097,,,
2014-06-13,13518,,,
2014-06-16,13094,,,
2014-06-17,12771,,,
2014-06-18,13393,,,
2014-06-19,14899,,,
2014-06-20,15133,,,
2014-06-23,14569,,,
2014-06-24,14065,,,
2014-06-25,13519,,,
2014-06-26,12975,,,
2014-06-27,13387,,,
2014-06-30,14177,,,
2014-07-01,15643,,,
2014-07-02,15196,,,
2014-07-03,14657,,,
2014-07-04,14101,,,
2014-07-06,14101,,,
2014-07-07,13578,,,
2014-07-08,13151,,,
2014-07-09,12524,,,
2014-07-10,11705,,,
2014-07-11,11149,,,
2014-07-14,10767,,,
2014-07-15,10487,,,
2014-07-16,9781,,,
2014-07-17,9422,,,
2014-07-18,9354,,,
2014-07-21,9179,,,
2014-07-22,9238,,,
2014-07-23,9357,,,
2014-07-24,9439,,,
2014-07-25,9473,,,
2014-07-28,9480,,,
2014-07-29,9549,,,
2014-07-30,9649,,,
2014-07-31,9619,,,
2014-08-01,9389,,,
2014-08-04,9364,,,
2014-08-05,9304,,,
2014-08-06,9311,,,
2014-08-07,9274,,,
2014-08-08,9394,,,
2014-08-11,9654,,,
2014-08-12,10959,,,
2014-08-13,11818,,,
2014-08-14,13677,,,
2014-08-15,15561,,,
2014-08-18,16069,,,
2014-08-19,15770,,,
2014-08-20,16407,,,
2014-08-21,17520,,,
2014-08-22,17066,,,
2014-08-26,16249,,,
2014-08-27,15811,,,
2014-08-28,17329,,,
2014-08-29,17980,,,
2014-09-01,17815,,,
2014-09-02,17469,,,
2014-09-03,16950,,,
2014-09-04,16918,,,
2014-09-05,17113,,,
2014-09-08,17387,,,
2014-09-09,18464,,,
2014-09-10,18574,,,
2014-09-11,18336,,,
2014-09-12,18246,,,
2014-09-15,17930,,,
2014-09-16,17034,,,
2014-09-17,16127,,,
2014-09-18,14858,,,
2014-09-19,14357,,,
2014-09-22,14358,,,
2014-09-23,14075,,,
2014-09-24,13328,,,
2014-09-25,12614,,,
2014-09-26,12880,,,
2014-09-29,13295,,,
2014-09-30,13203,,,
2014-10-01,12747,,,
2014-10-02,12169,,,
2014-10-03,12009,,,
2014-10-06,11801,,,
2014-10-07,11485,,,
2014-10-08,10931,,,
2014-10-09,10542,,,
2014-10-10,10277,,,
2014-10-13,10101,,,
2014-10-14,9875,,,
2014-10-15,9342,,,
2014-10-16,9079,,,
2014-10-17,9516,,,
2014-10-20,10425,,,
2014-10-21,14425,,,
2014-10-22,15879,,,
2014-10-23,16405,,,
2014-10-24,17691,,,
2014-10-27,20988,,,
2014-10-28,24761,,,
2014-10-29,25806,,,
2014-10-30,25603,,,
2014-10-31,25725,,,
2014-11-03,26768,,,
2014-11-04,27866,,,
2014-11-05,27285,,,
2014-11-06,26491,,,
2014-11-07,26759,,,
2014-11-10,26287,,,
2014-11-11,24703,,,
2014-11-12,23339,,,
2014-11-13,21201,,,
2014-11-14,21113,,,
2014-11-17,21558,,,
2014-11-18,22719,,,
2014-11-19,22855,,,
2014-11-20,23521,,,
2014-11-21,22990,,,
2014-11-24,22478,,,
2014-11-25,22054,,,
2014-11-26,19098,,,
2014-11-27,16879,,,
2014-11-28,15407,,,
2014-12-01,14752,,,
2014-12-02,14133,,,
2014-12-03,12772,,,
2014-12-04,10685,,,
2014-12-05,9509,,,
2014-12-08,8520,,,
2014-12-09,7984,,,
2014-12-10,7434,,,
2014-12-11,6843,,,
2014-12-12,6139,,,
2014-12-15,5683,,,
2014-12-16,5580,,,
2014-12-17,5394,,,
2014-12-18,5117,,,
2014-12-19,4964,,,
2014-12-22,4896,,,
2014-12-23,4910,,,
2014-12-24,4945,,,
2015-01-02,4884,,,
2015-01-05,4829,,,
2015-01-06,5040,,,
2015-01-07,4967,,,
2015-01-08,4667,,,
2015-01-09,4567,,,
2015-01-12,5387,,,
2015-01-13,7021,,,
2015-01-14,7021,,,
2015-01-15,6983,,,
2015-01-16,7023,,,
2015-01-19,7238,,,
2015-01-20,8054,,,
2015-01-21,9050,,,
2015-01-22,8799,,,
2015-01-23,8096,,,
2015-01-26,7803,,,
2015-01-27,7672,,,
2015-01-28,7356,,,
2015-01-29,6992,,,
2015-01-30,6707,,,
2015-02-02,6604,,,
2015-02-03,6563,,,
2015-02-04,6589,,,
2015-02-05,6719,,,
2015-02-06,6743,,,
2015-02-09,6719,,,
2015-02-10,6852,,,
2015-02-11,6739,,,
2015-02-12,6358,,,
2015-02-13,6113,,,
2015-02-16,5935,,,
2015-02-17,5721,,,
2015-02-18,5447,,,
2015-02-19,5333,,,
2015-02-20,5334,,,
2015-02-23,5357,,,
2015-02-24,5377,,,
2015-02-25,5374,,,
2015-02-26,5362,,,
2015-02-27,5325,,,
2015-03-02,5298,,,
2015-03-03,5092,,,
2015-03-04,4979,,,
2015-03-05,4762,,,
2015-03-06,4768,,,
2015-03-09,4692,,,
2015-03-10,4599,,,
2015-03-11,4357,,,
2015-03-12,4093,,,
2015-03-13,3982,,,
2015-03-16,3922,,,
2015-03-17,3864,,,
2015-03-18,3793,,,
2015-03-19,4048,,,
2015-03-20,4174,,,
2015-03-23,4207,,,
2015-03-24,4292,,,
2015-03-25,4320,,,
2015-03-26,4330,,,
2015-03-27,4290,,,
2015-03-30,4301,,,
2015-03-31,4415,,,
2015-04-01,4305,,,
2015-04-02,4218,,,
2015-04-07,4150,,,
2015-04-08,4140,,,
2015-04-09,4207,,,
2015-04-10,4272,,,
2015-04-13,4231,,,
2015-04-14,4291,,,
2015-04-15,4487,,,
2015-04-16,4656,,,
2015-04-17,4712,,,
2015-04-20,4741,,,
2015-04-21,4761,,,
2015-04-22,4627,,,
2015-04-23,4575,,,
2015-04-24,4579,,,
2015-04-27,4556,,,
2015-04-28,4596,,,
2015-04-29,4515,,,
2015-04-30,4532,,,
2015-05-01,4570,,,
2015-05-05,4536,,,
2015-05-06,4530,,,
2015-05-07,4611,,,
2015-05-08,4737,,,
2015-05-11,4948,,,
2015-05-12,5396,,,
2015-05-13,6976,,,
2015-05-14,7100,,,
2015-05-15,6946,,,
2015-05-18,6849,,,
2015-05-19,6563,,,
2015-05-20,6135,,,
2015-05-21,5665,,,
2015-05-22,5458,,,
2015-05-26,5436,,,
2015-05-27,5575,,,
2015-05-28,5564,,,
2015-05-29,5517,,,
2015-06-01,5460,,,
2015-06-02,5604,,,
2015-06-03,5604,,,
2015-06-04,5579,,,
2015-06-05,5615,,,
2015-06-08,5549,,,
2015-06-09,5435,,,
2015-06-10,5313,,,
2015-06-11,5285,,,
2015-06-12,5467,,,
2015-06-15,5663,,,
2015-06-16,6155,,,
2015-06-17,7203,,,
2015-06-18,8607,,,
2015-06-19,8671,,,
2015-06-22,8673,,,
2015-06-23,9134,,,
2015-06-24,10554,,,
2015-06-25,10553,,,
2015-06-26,10270,,,
2015-06-29,9907,,,
2015-06-30,9468,,,
2015-07-01,9174,,,
2015-07-02,8979,,,
2015-07-03,9120,,,
2015-07-06,9253,,,
2015-07-07,9388,,,
2015-07-08,9334,,,
2015-07-09,9316,,,
2015-07-10,9612,,,
2015-07-13,10186,,,
2015-07-14,10369,,,
2015-07-15,11142,,,
2015-07-16,12693,,,
2015-07-17,13573,,,
2015-07-20,13973,,,
2015-07-21,15453,,,
2015-07-22,15466,,,
2015-07-23,14988,,,
2015-07-24,14603,,,
2015-07-27,14900,,,
2015-07-28,15218,,,
2015-07-29,15894,,,
2015-07-30,16024,,,
2015-07-31,17242,,,
2015-08-03,18065,,,
2015-08-04,19879,,,
2015-08-05,20601,,,
2015-08-06,19673,,,
2015-08-07,19482,,,
2015-08-10,19268,,,
2015-08-11,17870,,,
2015-08-12,15266,,,
2015-08-13,13526,,,
2015-08-14,13760,,,
2015-08-17,14024,,,
2015-08-18,13394,,,
2015-08-19,12770,,,
2015-08-20,11977,,,
2015-08-21,11109,,,
2015-08-24,10085,,,
2015-08-25,9141,,,
2015-08-26,8333,,,
2015-08-27,8114,,,
2015-08-28,8288,,,
2015-09-01,8950,,,
2015-09-02,9199,,,
2015-09-03,9129,,,
2015-09-04,8871,,,
2015-09-07,9316,,,
2015-09-08,9500,,,
2015-09-09,9172,,,
2015-09-10,8662,,,
2015-09-11,8614,,,
2015-09-14,8509,,,
2015-09-15,8608,,,
2015-09-16,9249,,,
2015-09-17,11876,,,
2015-09-18,14658,,,
2015-09-21,15295,,,
2015-09-22,13432,,,
2015-09-23,13401,,,
2015-09-24,13747,,,
2015-09-25,14672,,,
2015-09-28,14916,,,
2015-09-29,14534,,,
2015-09-30,13832,,,
2015-10-01,13586,,,
2015-10-02,13734,,,
2015-10-05,13511,,,
2015-10-06,13213,,,
2015-10-07,12193,,,
2015-10-08,11169,,,
2015-10-09,10714,,,
2015-10-12,10706,,,
2015-10-13,10529,,,
2015-10-14,10036,,,
2015-10-15,9451,,,
2015-10-16,9230,,,
2015-10-19,9137,,,
2015-10-20,9811,,,
2015-10-21,10577,,,
2015-10-22,10919,,,
2015-10-23,10555,,,
2015-10-26,10089,,,
2015-10-27,9354,,,
2015-10-28,9283,,,
2015-10-29,9184,,,
2015-10-30,9065,,,
2015-11-02,8736,,,
2015-11-03,8118,,,
2015-11-04,7638,,,
2015-11-05,7374,,,
2015-11-06,7358,,,
2015-11-09,7518,,,
2015-11-10,7543,,,
2015-11-11,7062,,,
2015-11-12,6655,,,
2015-11-13,6280,,,
2015-11-16,6135,,,
2015-11-17,5968,,,
2015-11-18,5597,,,
2015-11-19,5280,,,
2015-11-20,5211,,,
2015-11-23,5967,,,
2015-11-24,6409,,,
2015-11-25,7062,,,
2015-11-26,7682,,,
2015-11-27,8396,,,
2015-11-30,8486,,,
2015-12-01,8977,,,
2015-12-02,8715,,,
2015-12-03,8189,,,
2015-12-04,7863,,,
2015-12-07,7522,,,
2015-12-08,7609,,,
2015-12-09,7486,,,
2015-12-10,7181,,,
2015-12-11,6799,,,
2015-12-14,6341,,,
2015-12-15,5514,,,
2015-12-16,5044,,,
2015-12-17,5008,,,
2015-12-18,5190,,,
2015-12-21,5156,,,
2015-12-22,4958,,,
2015-12-23,4897,,,
2015-12-24,4965,,,
2016-01-04,4811,,,
2016-01-05,4676,,,
2016-01-06,4760,,,
2016-01-07,4198,,,
2016-01-08,3818,,,
2016-01-11,3594,,,
2016-01-12,3261,,,
2016-01-13,3101,,,
2016-01-14,2941,,,
2016-01-15,2748,,,
2016-01-18,2730,,,
2016-01-19,2662,,,
2016-01-20,2706,,,
2016-01-21,2808,,,
2016-01-22,2984,,,
2016-01-25,3184,,,
2016-01-26,3118,,,
2016-01-27,3063,,,
2016-01-28,2851,,,
2016-01-29,2785,,,
2016-02-01,2822,,,
2016-02-02,2822,,,
2016-02-03,2775,,,
2016-02-04,2743,,,
2016-02-05,2824,,,
2016-02-08,2781,,,
2016-02-09,2771,,,
2016-02-10,2776,,,
2016-02-11,2756,,,
2016-02-12,2698,,,
2016-02-15,2721,,,
2016-02-16,2805,,,
2016-02-17,2799,,,
2016-02-18,2772,,,
2016-02-19,2642,,,
2016-02-22,2578,,,
2016-02-23,2507,,,
2016-02-24,2477,,,
2016-02-25,2457,,,
2016-02-26,2396,,,
2016-02-29,2356,,,
2016-03-01,2327,,,
2016-03-02,2291,,,
2016-03-03,2236,,,
2016-03-04,2221,,,
2016-03-07,2185,,,
2016-03-08,2286,,,
2016-03-09,2252,,,
2016-03-10,2218,,,
2016-03-11,2172,,,
2016-03-14,2158,,,
2016-03-15,2211,,,
2016-03-16,2034,,,
2016-03-17,1985,,,
2016-03-18,2036,,,
2016-03-21,2031,,,
2016-03-22,1994,,,
2016-03-23,2005,,,
2016-03-24,2082,,,
2016-03-29,2099,,,
2016-03-30,2151,,,
2016-03-31,2518,,,
2016-04-01,3013,,,
2016-04-04,3512,,,
2016-04-05,3840,,,
2016-04-06,4027,,,
2016-04-07,4533,,,
2016-04-08,5089,,,
2016-04-11,5533,,,
2016-04-12,5537,,,
2016-04-13,5515,,,
2016-04-14,6184,,,
2016-04-15,7076,,,
2016-04-18,7739,,,
2016-04-19,8024,,,
2016-04-20,7745,,,
2016-04-21,7639,,,
2016-04-22,8216,,,
2016-04-25,8276,,,
2016-04-26,8789,,,
2016-04-27,9170,,,
2016-04-28,9050,,,
2016-04-29,8891,,,
2016-05-03,8309,,,
2016-05-04,7418,,,
2016-05-05,7175,,,
2016-05-06,7024,,,
2016-05-09,6613,,,
2016-05-10,5946,,,
2016-05-11,5521,,,
2016-05-12,5552,,,
2016-05-13,6286,,,
2016-05-16,6740,,,
2016-05-17,7791,,,
2016-05-18,7729,,,
2016-05-19,7378,,,
2016-05-20,6981,,,
2016-05-23,6946,,,
2016-05-24,6726,,,
2016-05-25,6281,,,
2016-05-26,6175,,,
2016-05-27,6346,,,
2016-05-31,6538,,,
2016-06-01,6541,,,
2016-06-02,6438,,,
2016-06-03,6754,,,
2016-06-06,6789,,,
2016-06-07,6769,,,
2016-06-08,7054,,,
2016-06-09,7164,,,
2016-06-10,7241,,,
2016-06-13,7274,,,
2016-06-14,7329,,,
2016-06-15,7170,,,
2016-06-16,6938,,,
2016-06-17,6533,,,
2016-06-20,6315,,,
2016-06-21,6108,,,
2016-06-22,6107,,,
2016-06-23,6253,,,
2016-06-24,6452,,,
2016-06-27,6491,,,
2016-06-28,6595,,,
2016-06-29,6784,,,
2016-06-30,7110,,,
2016-07-01,7353,,,
2016-07-04,7490,,,
2016-07-05,7386,,,
2016-07-06,7265,,,
2016-07-07,7188,,,
2016-07-08,7149,,,
2016-07-11,7085,,,
2016-07-12,7044,,,
2016-07-13,7369,,,
2016-07-14,7529,,,
2016-07-15,7548,,,
2016-07-18,7481,,,
2016-07-19,7258,,,
2016-07-20,6859,,,
2016-07-21,6632,,,
2016-07-22,6498,,,
2016-07-25,6320,,,
2016-07-26,6059,,,
2016-07-27,5723,,,
2016-07-28,5530,,,
2016-07-29,5440,,,
2016-08-01,5354,,,
2016-08-02,5369,,,
2016-08-03,5369,,,
2016-08-04,5363,,,
2016-08-05,5446,,,
2016-08-08,5497,,,
2016-08-09,5357,,,
2016-08-10,5503,,,
2016-08-11,5791,,,
2016-08-12,6236,,,
2016-08-15,6457,,,
2016-08-16,6507,,,
2016-08-17,6214,,,
2016-08-18,5962,,,
2016-08-19,5846,,,
2016-08-22,5885,,,
2016-08-23,6008,,,
2016-08-24,6460,,,
2016-08-25,6826,,,
2016-08-26,6921,,,
2016-08-30,6808,,,
2016-08-31,6730,,,
2016-09-01,6831,,,
2016-09-02,7191,,,
2016-09-05,7459,,,
2016-09-06,8288,,,
2016-09-07,9408,,,
2016-09-08,10170,,,
2016-09-09,10649,,,
2016-09-12,10725,,,
2016-09-13,10606,,,
2016-09-14,9258,,,
2016-09-15,9618,,,
2016-09-16,10929,,,
2016-09-19,12167,,,
2016-09-20,13153,,,
2016-09-21,14366,,,
2016-09-22,15301,,,
2016-09-23,15202,,,
2016-09-26,14787,,,
2016-09-27,14540,,,
2016-09-28,13849,,,
2016-09-29,13069,,,
2016-09-30,12710,,,
2016-10-03,12425,,,
2016-10-04,12380,,,
2016-10-05,12773,,,
2016-10-06,14443,,,
2016-10-07,14622,,,
2016-10-10,14571,,,
2016-10-11,14486,,,
2016-10-12,13783,,,
2016-10-13,12770,,,
2016-10-14,12744,,,
2016-10-17,12644,,,
2016-10-18,12203,,,
2016-10-19,11244,,,
2016-10-20,10123,,,
2016-10-21,9659,,,
2016-10-24,9128,,,
2016-10-25,8394,,,
2016-10-26,7936,,,
2016-10-27,7763,,,
2016-10-28,9056,,,
2016-10-31,9949,,,
2016-11-01,9369,,,
2016-11-02,9334,,,
2016-11-03,9893,,,
2016-11-04,10141,,,
2016-11-07,10733,,,
2016-11-08,12159,,,
2016-11-09,13606,,,
2016-11-10,14094,,,
2016-11-11,16269,,,
2016-11-14,16526,,,
2016-11-15,16299,,,
2016-11-16,17499,,,
2016-11-17,19515,,,
2016-11-18,19364,,,
2016-11-21,18353,,,
2016-11-22,17817,,,
2016-11-23,17035,,,
2016-11-24,15836,,,
2016-11-25,14882,,,
2016-11-28,14836,,,
2016-11-29,15168,,,
2016-11-30,14812,,,
2016-12-01,14259,,,
2016-12-02,14061,,,
2016-12-05,13613,,,
2016-12-06,12938,,,
2016-12-07,11893,,,
2016-12-08,10354,,,
2016-12-09,9342,,,
2016-12-12,8740,,,
2016-12-13,8353,,,
2016-12-14,7133,,,
2016-12-15,6570,,,
2016-12-16,6729,,,
2016-12-19,6729,,,
2016-12-20,6873,,,
2016-12-21,8040,,,
2016-12-22,8605,,,
2016-12-23,10078,,,
2017-01-03,11277,,,
2017-01-04,12410,,,
2017-01-05,13176,,,
2017-01-06,12345,,,
2017-01-09,11796,,,
2017-01-10,10787,,,
2017-01-11,9468,,,
2017-01-12,9524,,,
2017-01-13,10343,,,
2017-01-16,11002,,,
2017-01-17,11155,,,
2017-01-18,12512,,,
2017-01-19,12334,,,
2017-01-20,11915,,,
2017-01-23,11689,,,
2017-01-24,10789,,,
2017-01-25,10006,,,
2017-01-26,9314,,,
2017-01-27,8987,,,
2017-01-30,8712,,,
2017-01-31,8515,,,
2017-02-01,8318,,,
2017-02-02,7931,,,
2017-02-03,7381,,,
2017-02-06,6849,,,
2017-02-07,6093,,,
2017-02-08,5538,,,
2017-02-09,5625,,,
2017-02-10,5363,,,
2017-02-13,4808,,,
2017-02-14,4630,,,
2017-02-15,4655,,,
2017-02-16,5247,,,
2017-02-17,6130,,,
2017-02-20,6496,,,
2017-02-21,7008,,,
2017-02-22,7708,,,
2017-02-23,9094,,,
2017-02-24,9358,,,
2017-02-27,9133,,,
2017-02-28,8027,,,
2017-03-01,7893,,,
2017-03-02,8571,,,
2017-03-03,9425,,,
2017-03-06,10439,,,
2017-03-07,11866,,,
2017-03-08,11889,,,
2017-03-09,12440,,,
2017-03-10,13231,,,
2017-03-13,13643,,,
2017-03-14,14250,,,
2017-03-15,15764,,,
2017-03-16,16757,,,
2017-03-17,17763,,,
2017-03-20,18080,,,
2017-03-21,17842,,,
2017-03-22,17292,,,
2017-03-23,16966,,,
2017-03-24,18078,,,
2017-03-27,19266,,,
2017-03-28,20657,,,
2017-03-29,20560,,,
2017-03-30,19901,,,
2017-03-31,18864,,,
2017-04-03,18259,,,
2017-04-04,17275,,,
2017-04-05,16149,,,
2017-04-06,15698,,,
2017-04-07,15570,,,
2017-04-10,15493,,,
2017-04-11,16000,,,
2017-04-12,16287,,,
2017-04-13,16361,,,
2017-04-18,16154,,,
2017-04-19,15524,,,
2017-04-20,14660,,,
2017-04-21,13369,,,
2017-04-24,12960,,,
2017-04-25,12879,,,
2017-04-26,13135,,,
2017-04-27,13340,,,
2017-04-28,13285,,,
2017-05-02,12598,,,
2017-05-03,11840,,,
2017-05-04,11414,,,
2017-05-05,11499,,,
2017-05-08,12082,,,
2017-05-09,12446,,,
2017-05-10,12404,,,
2017-05-11,12741,,,
2017-05-12,12944,,,
2017-05-15,12385,,,
2017-05-16,12114,,,
2017-05-17,11737,,,
2017-05-18,12018,,,
2017-05-19,12239,,,
2017-05-22,12458,,,
2017-05-23,12508,,,
2017-05-24,12177,,,
2017-05-25,11750,,,
2017-05-26,11709,,,
2017-05-30,11484,,,
2017-05-31,11053,,,
2017-06-01,10375,,,
2017-06-02,9965,,,
2017-06-05,9837,,,
2017-06-06,9960,,,
2017-06-07,10178,,,
2017-06-08,10288,,,
2017-06-09,11021,,,
2017-06-12,11577,,,
2017-06-13,11265,,,
2017-06-14,10541,,,
2017-06-15,9748,,,
2017-06-16,9170,,,
2017-06-19,8798,,,
2017-06-20,8354,,,
2017-06-21,7685,,,
2017-06-22,7618,,,
2017-06-23,7746,,,
2017-06-26,8094,,,
2017-06-27,8602,,,
2017-06-28,9489,,,
2017-06-29,9386,,,
2017-06-30,8923,,,
2017-07-03,8393,,,
2017-07-04,8053,,,
2017-07-05,7264,,,
2017-07-06,6646,,,
2017-07-07,6396,,,
2017-07-10,6305,,,
2017-07-11,6524,,,
2017-07-12,7186,,,
2017-07-13,7701,,,
2017-07-14,7718,,,
2017-07-17,7780,,,
2017-07-18,8171,,,
2017-07-19,8411,,,
2017-07-20,8774,,,
2017-07-21,9170,,,
2017-07-24,9215,,,
2017-07-25,9547,,,
2017-07-26,9439,,,
2017-07-27,9001,,,
2017-07-28,9098,,,
2017-07-31,9775,,,
2017-08-01,10540,,,
2017-08-02,11568,,,
2017-08-03,12602,,,
2017-08-04,12963,,,
2017-08-07,13139,,,
2017-08-08,13176,,,
2017-08-09,13538,,,
2017-08-10,14818,,,
2017-08-11,16261,,,
2017-08-14,16771,,,
2017-08-15,17070,,,
2017-08-16,18187,,,
2017-08-17,19259,,,
2017-08-18,19498,,,
2017-08-21,19515,,,
2017-08-22,18834,,,
2017-08-23,17974,,,
2017-08-24,17477,,,
2017-08-25,17918,,,
2017-08-29,17778,,,
2017-08-30,17026,,,
2017-08-31,17083,,,
2017-09-01,16948,,,
2017-09-04,16819,,,
2017-09-05,17367,,,
2017-09-06,18231,,,
2017-09-07,19449,,,
2017-09-08,20343,,,
2017-09-11,20831,,,
2017-09-12,19942,,,
2017-09-13,19129,,,
2017-09-14,19285,,,
2017-09-15,19614,,,
2017-09-18,19578,,,
2017-09-19,19797,,,
2017-09-20,20694,,,
2017-09-21,21325,,,
2017-09-22,22392,,,
2017-09-25,22450,,,
2017-09-26,21639,,,
2017-09-27,20270,,,
2017-09-28,19393,,,
2017-09-29,18725,,,
2017-10-02,18245,,,
2017-10-03,17929,,,
2017-10-04,18397,,,
2017-10-05,20156,,,
2017-10-06,20427,,,
2017-10-09,20257,,,
2017-10-10,20002,,,
2017-10-11,19911,,,
2017-10-12,19893,,,
2017-10-13,20047,,,
2017-10-16,20971,,,
2017-10-17,21689,,,
2017-10-18,22052,,,
2017-10-19,22420,,,
2017-10-20,22145,,,
2017-10-23,22389,,,
2017-10-24,22515,,,
2017-10-25,22228,,,
2017-10-26,22024,,,
2017-10-27,22198,,,
2017-10-30,22122,,,
2017-10-31,22060,,,
2017-11-01,21317,,,
2017-11-02,20768,,,
2017-11-03,20563,,,
2017-11-06,20604,,,
2017-11-07,20997,,,
2017-11-08,21980,,,
2017-11-09,22536,,,
2017-11-10,22613,,,
2017-11-13,22457,,,
2017-11-14,21512,,,
2017-11-15,20770,,,
2017-11-16,20626,,,
2017-11-17,21178,,,
2017-11-20,21672,,,
2017-11-21,22091,,,
2017-11-22,22468,,,
2017-11-23,23381,,,
2017-11-24,23596,,,
2017-11-27,24193,,,
2017-11-28,25004,,,
2017-11-29,25596,,,
2017-11-30,26545,,,
2017-12-01,27725,,,
2017-12-04,28546,,,
2017-12-05,28571,,,
2017-12-06,28725,,,
2017-12-07,29063,,,
2017-12-08,29693,,,
2017-12-11,30333,,,
2017-12-12,30475,,,
2017-12-13,29637,,,
2017-12-14,27345,,,
2017-12-15,25859,,,
2017-12-18,24977,,,
2017-12-19,23942,,,
2017-12-20,21797,,,
2017-12-21,21110,,,
2017-12-22,19341,,,
2018-01-02,15125,,,
2018-01-03,16529,,,
2018-01-04,19300,,,
2018-01-05,20179,,,
2018-01-08,20574,,,
2018-01-09,20890,,,
2018-01-10,19935,,,
2018-01-11,17854,,,
2018-01-12,17118,,,
2018-01-15,16664,,,
2018-01-16,15158,,,
2018-01-17,13175,,,
2018-01-18,12312,,,
2018-01-19,11571,,,
2018-01-22,11458,,,
2018-01-23,12148,,,
2018-01-24,13421,,,
2018-01-25,13936,,,
2018-01-26,14057,,,
2018-01-29,14065,,,
2018-01-30,13666,,,
2018-01-31,12727,,,
2018-02-01,11791,,,
2018-02-02,11367,,,
2018-02-05,11189,,,
2018-02-06,11984,,,
2018-02-07,12471,,,
2018-02-08,13208,,,
2018-02-09,14136,,,
2018-02-12,14318,,,
2018-02-13,14075,,,
2018-02-14,13313,,,
2018-02-15,12828,,,
2018-02-16,12396,,,
2018-02-19,12262,,,
2018-02-20,12941,,,
2018-02-21,13401,,,
2018-02-22,13512,,,
2018-02-23,13524,,,
2018-02-26,13228,,,
2018-02-27,12627,,,
2018-02-28,12347,,,
2018-03-01,12395,,,
2018-03-02,12609,,,
2018-03-05,12651,,,
2018-03-06,12516,,,
2018-03-07,11797,,,
2018-03-08,11669,,,
2018-03-09,11554,,,
2018-03-12,11206,,,
2018-03-13,10810,,,
2018-03-14,10461,,,
2018-03-15,9869,,,
2018-03-16,9600,,,
2018-03-19,9330,,,
2018-03-20,8956,,,
2018-03-21,8825,,,
2018-03-22,8880,,,
2018-03-23,9064,,,
2018-03-26,9304,,,
2018-03-27,9305,,,
2018-03-28,8694,,,
2018-03-29,8339,,,
2018-04-03,7747,,,
2018-04-04,7211,,,
2018-04-05,7051,,,
2018-04-06,7156,,,
2018-04-09,7352,,,
2018-04-10,7950,,,
2018-04-11,8065,,,
2018-04-12,8362,,,
2018-04-13,8811,,,
2018-04-16,9001,,,
2018-04-17,9688,,,
2018-04-18,11620,,,
2018-04-19,13665,,,
2018-04-20,15766,,,
2018-04-23,16437,,,
2018-04-24,17084,,,
2018-04-25,18192,,,
2018-04-26,18106,,,
2018-04-27,17713,,,
2018-04-30,17176,,,
2018-05-01,16890,,,
2018-05-02,17349,,,
2018-05-03,18126,,,
2018-05-04,18308,,,
2018-05-08,19568,,,
2018-05-09,20469,,,
2018-05-10,20190,,,
2018-05-11,20684,,,
2018-05-14,20801,,,
2018-05-15,20646,,,
2018-05-16,19001,,,
2018-05-17,16511,,,
2018-05-18,15712,,,
2018-05-21,14833,,,
2018-05-22,13867,,,
2018-05-23,13052,,,
2018-05-24,11848,,,
2018-05-25,11177,,,
2018-05-29,10839,,,
2018-05-30,10583,,,
2018-05-31,11723,,,
2018-06-01,13180,,,
2018-06-04,13963,,,
2018-06-05,15124,,,
2018-06-06,17140,,,
2018-06-07,18134,,,
2018-06-08,17566,,,
2018-06-11,17240,,,
2018-06-12,17095,,,
2018-06-13,17334,,,
2018-06-14,17976,,,
2018-06-15,18244,,,
2018-06-18,18233,,,
2018-06-19,17796,,,
2018-06-20,16862,,,
2018-06-21,16459,,,
2018-06-22,16492,,,
2018-06-25,16430,,,
2018-06-26,16342,,,
2018-06-27,16070,,,
2018-06-28,16648,,,
2018-06-29,18110,,,
2018-07-02,19091,,,
2018-07-03,20515,,,
2018-07-04,22847,,,
2018-07-05,24045,,,
2018-07-06,24273,,,
2018-07-09,23823,,,
2018-07-10,22122,,,
2018-07-11,22488,,,
2018-07-12,23514,,,
2018-07-13,24287,,,
2018-07-16,24987,,,
2018-07-17,25580,,,
2018-07-18,24710,,,
2018-07-19,23827,,,
2018-07-20,24446,,,
2018-07-23,25076,,,
2018-07-24,26367,,,
2018-07-25,26254,,,
2018-07-26,24673,,,
2018-07-27,23824,,,
2018-07-30,24496,,,
2018-07-31,25698,,,
2018-08-01,26204,,,
2018-08-02,26423,,,
2018-08-03,27124,,,
2018-08-06,27283,,,
2018-08-07,26439,,,
2018-08-08,25842,,,
2018-08-09,25667,,,
2018-08-10,25621,,,
2018-08-13,26059,,,
2018-08-14,26299,,,
2018-08-15,26069,,,
2018-08-16,25592,,,
2018-08-17,25373,,,
2018-08-20,25303,,,
2018-08-21,25326,,,
2018-08-22,25054,,,
2018-08-23,24042,,,
2018-08-24,23555,,,
2018-08-28,23037,,,
2018-08-29,22404,,,
2018-08-30,21354,,,
2018-08-31,20671,,,
2018-09-03,20293,,,
2018-09-04,19344,,,
2018-09-05,18493,,,
2018-09-06,18600,,,
2018-09-07,18676,,,
2018-09-10,18369,,,
2018-09-11,17237,,,
2018-09-12,16559,,,
2018-09-13,15938,,,
2018-09-14,15574,,,
2018-09-17,15329,,,
2018-09-18,15157,,,
2018-09-19,15492,,,
2018-09-20,15827,,,
2018-09-21,16000,,,
2018-09-24,16308,,,
2018-09-25,16484,,,
2018-09-26,17535,,,
2018-09-27,17969,,,
2018-09-28,18350,,,
2018-10-01,18749,,,
2018-10-02,19217,,,
2018-10-03,19319,,,
2018-10-04,18639,,,
2018-10-05,18026,,,
2018-10-08,17692,,,
2018-10-09,17012,,,
2018-10-10,16744,,,
2018-10-11,17205,,,
2018-10-12,18746,,,
2018-10-15,18894,,,
2018-10-16,18683,,,
2018-10-17,18099,,,
2018-10-18,18491,,,
2018-10-19,18932,,,
2018-10-22,19180,,,
2018-10-23,19436,,,
2018-10-24,19025,,,
2018-10-25,18662,,,
2018-10-26,19078,,,
2018-10-29,19415,,,
2018-10-30,19501,,,
2018-10-31,19091,,,
2018-11-01,18693,,,
2018-11-02,18412,,,
2018-11-05,17768,,,
2018-11-06,17033,,,
2018-11-07,14959,,,
2018-11-08,13287,,,
2018-11-09,11250,,,
2018-11-12,10760,,,
2018-11-13,9270,,,
2018-11-14,7987,,,
2018-11-15,8458,,,
2018-11-16,8804,,,
2018-11-19,8722,,,
2018-11-20,8341,,,
2018-11-21,8625,,,
2018-11-22,8951,,,
2018-11-23,10853,,,
2018-11-26,13918,,,
2018-11-27,16836,,,
2018-11-28,16446,,,
2018-11-29,15108,,,
2018-11-30,13816,,,
2018-12-03,13067,,,
2018-12-04,13837,,,
2018-12-05,15341,,,
2018-12-06,16391,,,
2018-12-07,17219,,,
2018-12-10,17554,,,
2018-12-11,17077,,,
2018-12-12,16808,,,
2018-12-13,16977,,,
2018-12-14,17704,,,
2018-12-17,17714,,,
2018-12-18,17416,,,
2018-12-19,17010,,,
2018-12-20,15624,,,
2018-12-21,14878,,,
2018-12-24,14797,,,
2019-01-02,15344,,,
2019-01-03,15194,,,
2019-01-04,15341,,,
2019-01-07,15329,,,
2019-01-08,16106,,,
2019-01-09,15940,,,
2019-01-10,15197,,,
2019-01-11,15180,,,
2019-01-14,15008,,,
2019-01-15,14069,,,
2019-01-16,13465,,,
2019-01-17,14440,,,
2019-01-18,15746,,,
2019-01-21,15606,,,
2019-01-22,14608,,,
2019-01-23,13823,,,
2019-01-24,13373,,,
2019-01-25,13288,,,
2019-01-28,12523,,,
2019-01-29,11595,,,
2019-01-30,10099,,,
2019-01-31,9198,,,
2019-02-01,8877,,,
2019-02-04,8748,,,
2019-02-05,8722,,,
2019-02-06,8757,,,
2019-02-07,8230,,,
2019-02-08,7911,,,
2019-02-11,7561,,,
2019-02-12,7326,,,
2019-02-13,7284,,,
2019-02-14,7342,,,
2019-02-15,7308,,,
2019-02-18,7135,,,
2019-02-19,6646,,,
2019-02-20,6095,,,
2019-02-21,5988,,,
2019-02-22,5873,,,
2019-02-25,5747,,,
2019-02-26,5807,,,
2019-02-27,5576,,,
2019-02-28,5290,,,
2019-03-01,5065,,,
2019-03-04,4897,,,
2019-03-05,4535,,,
2019-03-06,4409,,,
2019-03-07,4263,,,
2019-03-08,4236,,,
2019-03-11,4325,,,
2019-03-12,4526,,,
2019-03-13,4813,,,
2019-03-14,5321,,,
2019-03-15,6387,,,
2019-03-18,6041,,,
2019-03-19,5684,,,
2019-03-20,5306,,,
2019-03-21,4511,,,
2019-03-22,4180,,,
2019-03-25,4035,,,
2019-03-26,3763,,,
2019-03-27,3931,,,
2019-03-28,3872,,,
2019-03-29,3796,,,
2019-04-01,3695,,,
2019-04-02,3460,,,
2019-04-03,3540,,,
2019-04-04,4369,,,
2019-04-05,4881,,,
2019-04-08,5099,,,
2019-04-09,5520,,,
2019-04-10,5886,,,
2019-04-11,5775,,,
2019-04-12,5737,,,
2019-04-15,5905,,,
2019-04-16,5991,,,
2019-04-17,6209,,,
2019-04-18,6624,,,
2019-04-23,7196,,,
2019-04-24,7713,,,
2019-04-25,8092,,,
2019-04-26,8596,,,
2019-04-29,9203,,,
2019-04-30,11718,,,
2019-05-01,12270,,,
2019-05-02,12346,,,
2019-05-03,11182,,,
2019-05-07,9898,,,
2019-05-08,9944,,,
2019-05-09,10708,,,
2019-05-10,11621,,,
2019-05-13,11856,,,
2019-05-14,12134,,,
2019-05-15,11758,,,
2019-05-16,11705,,,
2019-05-17,11909,,,
2019-05-20,11949,,,
2019-05-21,12131,,,
2019-05-22,12301,,,
2019-05-23,12403,,,
2019-05-24,12243,,,
2019-05-28,12583,,,
2019-05-29,13163,,,
2019-05-30,12965,,,
2019-05-31,12987,,,
2019-06-03,13258,,,
2019-06-04,13916,,,
2019-06-05,14561,,,
2019-06-06,14769,,,
2019-06-07,15007,,,
2019-06-10,14868,,,
2019-06-11,14489,,,
2019-06-12,13989,,,
2019-06-13,13621,,,
2019-06-14,14203,,,
2019-06-17,14400,,,
2019-06-18,15424,,,
2019-06-19,16493,,,
2019-06-20,16869,,,
2019-06-21,17947,,,
2019-06-24,18287,,,
2019-06-25,18539,,,
2019-06-26,19117,,,
2019-06-27,19296,,,
2019-06-28,19360,,,
2019-07-01,19824,,,
2019-07-02,21076,,,
2019-07-03,23214,,,
2019-07-04,26085,,,
2019-07-05,26444,,,
2019-07-08,25822,,,
2019-07-09,26367,,,
2019-07-10,26403,,,
2019-07-11,26705,,,
2019-07-12,27389,,,
2019-07-15,28579,,,
2019-07-16,30157,,,
2019-07-17,31073,,,
2019-07-18,32219,,,
2019-07-19,32765,,,
2019-07-22,32963,,,
2019-07-23,32078,,,
2019-07-24,28352,,,
2019-07-25,26928,,,
2019-07-26,27145,,,
2019-07-29,27217,,,
2019-07-30,27187,,,
2019-07-31,26935,,,
2019-08-01,26078,,,
2019-08-02,25762,,,
2019-08-05,25621,,,
2019-08-06,24647,,,
2019-08-07,23935,,,
2019-08-08,23793,,,
2019-08-09,24032,,,
2019-08-12,24400,,,
2019-08-13,26096,,,
2019-08-14,27456,,,
2019-08-15,29132,,,
2019-08-16,29627,,,
2019-08-19,28877,,,
2019-08-20,28558,,,
2019-08-21,28434,,,
2019-08-22,29496,,,
2019-08-23,30440,,,
2019-08-27,31116,,,
2019-08-28,32199,,,
2019-08-29,32200,,,
2019-08-30,34582,,,
2019-09-02,36122,,,
2019-09-03,37539,,,
2019-09-04,38012,,,
2019-09-05,37645,,,
2019-09-06,36916,,,
2019-09-09,36111,,,
2019-09-10,35650,,,
2019-09-11,35161,,,
2019-09-12,34411,,,
2019-09-13,33962,,,
2019-09-16,34004,,,
2019-09-17,33393,,,
2019-09-18,33131,,,
2019-09-19,31454,,,
2019-09-20,30172,,,
2019-09-23,29813,,,
2019-09-24,30277,,,
2019-09-25,29031,,,
2019-09-26,27183,,,
2019-09-27,24927,,,
2019-09-30,24401,,,
2019-10-01,24314,,,
2019-10-02,24425,,,
2019-10-03,23409,,,
2019-10-04,23680,,,
2019-10-07,23674,,,
2019-10-08,24122,,,
2019-10-09,25608,,,
2019-10-10,26646,,,
2019-10-11,26383,,,
2019-10-14,26065,,,
2019-10-15,25664,,,
2019-10-16,25838,,,
2019-10-17,25123,,,
2019-10-18,25117,,,
2019-10-21,25031,,,
2019-10-22,24203,,,
2019-10-23,23740,,,
2019-10-24,24112,,,
2019-10-25,24945,,,
2019-10-28,25362,,,
2019-10-29,25725,,,
2019-10-30,25684,,,
2019-10-31,24918,,,
2019-11-01,24637,,,
2019-11-04,24586,,,
2019-11-05,24612,,,
2019-11-06,22217,,,
2019-11-07,20330,,,
2019-11-08,19716,,,
2019-11-11,19390,,,
2019-11-12,20033,,,
2019-11-13,20669,,,
2019-11-14,20961,,,
2019-11-15,20970,,,
2019-11-18,20630,,,
2019-11-19,19814,,,
2019-11-20,18606,,,
2019-11-21,18350,,,
2019-11-22,18930,,,
2019-11-25,20515,,,
2019-11-26,22272,,,
2019-11-27,22465,,,
2019-11-28,22775,,,
2019-11-29,23865,,,
2019-12-02,24493,,,
2019-12-03,25202,,,
2019-12-04,24916,,,
2019-12-05,24229,,,
2019-12-06,23704,,,
2019-12-09,23445,,,
2019-12-10,22652,,,
2019-12-11,20645,,,
2019-12-12,18774,,,
2019-12-13,18002,,,
2019-12-16,17060,,,
2019-12-17,16566,,,
2019-12-18,15695,,,
2019-12-19,14575,,,
2019-12-20,14451,,,
2019-12-23,14366,,,
2019-12-24,14337,,,
2020-01-02,11976,,,
2020-01-03,10825,,,
2020-01-06,9783,,,
2020-01-07,9022,,,
2020-01-08,9020,,,
2020-01-09,9199,,,
2020-01-10,9438,,,
2020-01-13,9322,,,
2020-01-14,9255,,,
2020-01-15,9011,,,
2020-01-16,8801,,,
2020-01-17,8352,,,
2020-01-20,7760,,,
2020-01-21,7062,,,
2020-01-22,5911,,,
2020-01-23,5071,,,
2020-01-24,4772,,,
2020-01-27,4632,,,
2020-01-28,4631,,,
2020-01-29,4487,,,
2020-01-30,4081,,,
2020-01-31,3973,,,
2020-02-03,3666,,,
2020-02-04,3496,,,
2020-02-05,3015,,,
2020-02-06,3021,,,
2020-02-07,2660,,,
2020-02-10,2588,,,
2020-02-11,2760,,,
2020-02-12,2713,,,
2020-02-13,2532,,,
2020-02-14,2445,,,
2020-02-17,2491,,,
2020-02-18,2638,,,
2020-02-19,2713,,,
2020-02-20,2735,,,
2020-02-21,2787,,,
2020-02-24,2693,,,
2020-02-25,2475,,,
2020-02-26,2358,,,
2020-02-27,2367,,,
2020-02-28,2274,,,
2020-03-02,2172,,,
2020-03-03,2197,,,
2020-03-04,2230,,,
2020-03-05,2515,,,
2020-03-06,2542,,,
2020-03-09,2385,,,
2020-03-10,2552,,,
2020-03-11,2570,,,
2020-03-12,2692,,,
2020-03-13,2797,,,
2020-03-16,2795,,,
2020-03-17,2800,,,
2020-03-18,3507,,,
2020-03-19,3843,,,
2020-03-20,4067,,,
2020-03-23,4152,,,
2020-03-24,4102,,,
2020-03-25,3903,,,
2020-03-26,3818,,,
2020-03-27,3675,,,
2020-03-30,3765,,,
2020-03-31,5853,,,
2020-04-01,5899,,,
2020-04-02,6013,,,
2020-04-03,5949,,,
2020-04-06,5697,,,
2020-04-07,5616,,,
2020-04-08,6003,,,
2020-04-09,6762,,,
2020-04-14,7915,,,
2020-04-15,8666,,,
2020-04-16,9223,,,
2020-04-17,9875,,,
2020-04-20,10081,,,
2020-04-21,9556,,,
2020-04-22,8925,,,
2020-04-23,8531,,,
2020-04-24,8381,,,
2020-04-27,8292,,,
2020-04-28,8172,,,
2020-04-29,7872,,,
2020-04-30,7702,,,
2020-05-01,7263,,,
2020-05-04,6792,,,
2020-05-05,6257,,,
2020-05-06,5301,,,
2020-05-07,4858,,,
2020-05-11,3842,,,
2020-05-12,2893,,,
2020-05-13,2082,,,
2020-05-14,1992,,,
2020-05-15,2394,,,
2020-05-18,2875,,,
2020-05-19,3462,,,
2020-05-20,3951,,,
2020-05-21,4196,,,
2020-05-22,4140,,,
2020-05-26,4120,,,
2020-05-27,3786,,,
2020-05-28,3228,,,
2020-05-29,3369,,,
2020-06-01,3648,,,
2020-06-02,4213,,,
2020-06-03,5267,,,
2020-06-04,6177,,,
2020-06-05,7307,,,
2020-06-08,7745,,,
2020-06-09,8055,,,
2020-06-10,9142,,,
2020-06-11,10676,,,
2020-06-12,12410,,,
2020-06-15,13297,,,
2020-06-16,14786,,,
2020-06-17,19036,,,
2020-06-18,25280,,,
2020-06-19,25511,,,
2020-06-22,25364,,,
2020-06-23,26672,,,
2020-06-24,28657,,,
2020-06-25,29395,,,
2020-06-26,29641,,,
2020-06-29,30778,,,
2020-06-30,30857,,,
2020-07-01,30939,,,
2020-07-02,31377,,,
2020-07-03,32682,,,
2020-07-06,33760,,,
2020-07-07,32911,,,
2020-07-08,29610,,,
2020-07-09,28081,,,
2020-07-10,27644,,,
2020-07-13,26964,,,
2020-07-14,25562,,,
2020-07-15,24387,,,
2020-07-16,24639,,,
2020-07-17,25085,,,
2020-07-20,24469,,,
2020-07-21,22635,,,
2020-07-22,20120,,,
2020-07-23,18542,,,
2020-07-24,17284,,,
2020-07-27,17014,,,
2020-07-28,16524,,,
2020-07-29,17721,,,
2020-07-30,18326,,,
2020-07-31,18296,,,
2020-08-03,19051,,,
2020-08-04,20687,,,
2020-08-05,20383,,,
2020-08-06,20434,,,
2020-08-07,19912,,,
2020-08-10,19697,,,
2020-08-11,19204,,,
2020-08-12,19339,,,
2020-08-13,19774,,,
2020-08-14,19916,,,
2020-08-17,19900,,,
2020-08-18,19693,,,
2020-08-19,19468,,,
2020-08-20,18570,,,
2020-08-21,17918,,,
2020-08-24,18305,,,
2020-08-25,19013,,,
2020-08-26,18896,,,
2020-08-27,18775,,,
2020-08-28,18394,,,
2020-09-01,18044,,,
2020-09-02,17638,,,
2020-09-03,16748,,,
2020-09-04,16252,,,
2020-09-07,16102,,,
2020-09-08,15892,,,
2020-09-09,15482,,,
2020-09-10,15075,,,
2020-09-11,15248,,,
2020-09-14,15737,,,
2020-09-15,15942,,,
2020-09-16,15664,,,
2020-09-17,15875,,,
2020-09-18,15761,,,
2020-09-21,16089,,,
2020-09-22,17229,,,
2020-09-23,18592,,,
2020-09-24,22841,,,
2020-09-25,24178,,,
2020-09-28,23733,,,
2020-09-29,23813,,,
2020-09-30,25631,,,
2020-10-01,29332,,,
2020-10-02,33066,,,
2020-10-05,34293,,,
2020-10-06,34896,,,
2020-10-07,33465,,,
2020-10-08,31507,,,
2020-10-09,29479,,,
2020-10-12,27333,,,
2020-10-13,25497,,,
2020-10-14,23305,,,
2020-10-15,21737,,,
2020-10-16,19952,,,
2020-10-19,18402,,,
2020-10-20,17121,,,
2020-10-21,17151,,,
2020-10-22,18537,,,
2020-10-23,18749,,,
2020-10-26,18304,,,
2020-10-27,18606,,,
2020-10-28,17881,,,
2020-10-29,15781,,,
2020-10-30,15550,,,
2020-11-02,15715,,,
2020-11-03,15445,,,
2020-11-04,14691,,,
2020-11-05,14177,,,
2020-11-06,14421,,,
2020-11-09,14848,,,
2020-11-10,14781,,,
2020-11-11,13379,,,
2020-11-12,12854,,,
2020-11-13,12498,,,
2020-11-16,12282,,,
2020-11-17,12029,,,
2020-11-18,11730,,,
2020-11-19,11858,,,
2020-11-20,11897,,,
2020-11-23,12021,,,
2020-11-24,11996,,,
2020-11-25,12186,,,
2020-11-26,12514,,,
2020-11-27,12712,,,
2020-11-30,12621,,,
2020-12-01,12332,,,
2020-12-02,12322,,,
2020-12-03,12274,,,
2020-12-04,12606,,,
2020-12-07,11766,,,
2020-12-08,10607,,,
2020-12-09,10295,,,
2020-12-10,10951,,,
2020-12-11,11889,,,
2020-12-14,12282,,,
2020-12-15,13128,,,
2020-12-16,13826,,,
2020-12-17,14143,,,
2020-12-18,14943,,,
2020-12-21,15085,,,
2020-12-22,15469,,,
2020-12-23,16409,,,
2020-12-24,16633,,,
2021-01-04,16656,,,
2021-01-05,17408,,,
2021-01-06,17310,,,
2021-01-07,17598,,,
2021-01-08,21131,,,
2021-01-11,24507,,,
2021-01-12,26421,,,
2021-01-13,26489,,,
2021-01-14,24979,,,
2021-01-15,23989,,,
2021-01-18,23541,,,
2021-01-19,24148,,,
2021-01-20,25557,,,
2021-01-21,25515,,,
2021-01-22,24631,,,
2021-01-25,23366,,,
2021-01-26,20709,,,
2021-01-27,17790,,,
2021-01-28,16133,,,
2021-01-29,15675,,,
2021-02-01,15516,,,
2021-02-02,14053,,,
2021-02-03,12802,,,
2021-02-04,12772,,,
2021-02-05,12662,,,
2021-02-08,12057,,,
2021-02-09,11359,,,
2021-02-10,10749,,,
2021-02-11,10312,,,
2021-02-12,10304,,,
2021-02-15,10457,,,
2021-02-16,12314,,,
2021-02-17,15856,,,
2021-02-18,15690,,,
2021-02-19,14224,,,
2021-02-22,13873,,,
2021-02-23,13216,,,
2021-02-24,12315,,,
2021-02-25,12203,,,
2021-02-26,11934,,,
2021-03-01,11679,,,
2021-03-02,12152,,,
2021-03-03,13910,,,
2021-03-04,13874,,,
2021-03-05,14794,,,
2021-03-08,15138,,,
2021-03-09,16170,,,
2021-03-10,17889,,,
2021-03-11,17353,,,
2021-03-12,16741,,,
2021-03-15,17054,,,
2021-03-16,17274,,,
2021-03-17,17931,,,
2021-03-18,18873,,,
2021-03-19,19437,,,
2021-03-22,19751,,,
2021-03-23,19114,,,
2021-03-24,18366,,,
2021-03-25,18490,,,
2021-03-26,19014,,,
2021-03-29,18987,,,
2021-03-30,18382,,,
2021-03-31,18327,,,
2021-04-01,19853,,,
2021-04-06,20962,,,
2021-04-07,22468,,,
2021-04-08,22874,,,
2021-04-09,23911,,,
2021-04-12,25976,,,
2021-04-13,26055,,,
2021-04-14,26131,,,
2021-04-15,28056,,,
2021-04-16,28520,,,
2021-04-19,28830,,,
2021-04-20,28652,,,
2021-04-21,33290,,,
2021-04-22,33808,,,
2021-04-23,34762,,,
2021-04-26,35347,,,
2021-04-27,37453,,,
2021-04-28,38816,,,
2021-04-29,39589,,,
2021-04-30,40608,,,
2021-05-04,42959,,,
2021-05-05,44817,,,
2021-05-06,42852,,,
2021-05-07,41514,,,
2021-05-10,42370,,,
2021-05-11,42031,,,
2021-05-12,39055,,,
2021-05-13,37724,,,
2021-05-14,34542,,,
2021-05-17,32702,,,
2021-05-18,31429,,,
2021-05-19,31392,,,
2021-05-20,31634,,,
2021-05-21,32593,,,
2021-05-24,32825,,,
2021-05-25,31054,,,
2021-05-26,29620,,,
2021-05-27,27934,,,
2021-05-28,25614,,,
2021-06-01,25032,,,
2021-06-02,23731,,,
2021-06-03,22102,,,
2021-06-04,20933,,,
2021-06-07,20458,,,
2021-06-08,19845,,,
2021-06-09,20632,,,
2021-06-10,24039,,,
2021-06-11,27752,,,
2021-06-14,29383,,,
2021-06-15,30640,,,
2021-06-16,33258,,,
2021-06-17,34930,,,
2021-06-18,33415,,,
2021-06-21,32785,,,
2021-06-22,31376,,,
2021-06-23,32079,,,
2021-06-24,32018,,,
2021-06-25,33069,,,
2021-06-28,33348,,,
2021-06-29,34299,,,
2021-06-30,32604,,,
2021-07-01,30600,,,
2021-07-02,29106,,,
2021-07-05,27773,,,
2021-07-06,27309,,,
2021-07-07,29018,,,
2021-07-08,30260,,,
2021-07-09,30972,,,
2021-07-12,31266,,,
2021-07-13,30272,,,
2021-07-14,29128,,,
2021-07-15,28694,,,
2021-07-16,28542,,,
2021-07-19,29139,,,
2021-07-20,29071,,,
2021-07-21,29135,,,
2021-07-22,30098,,,
2021-07-23,32469,,,
2021-07-26,32755,,,
2021-07-27,31880,,,
2021-07-28,31856,,,
2021-07-29,33639,,,
2021-07-30,35713,,,
2021-08-02,35429,,,
2021-08-03,35216,,,
2021-08-04,35675,,,
2021-08-05,36608,,,
2021-08-06,36150,,,
2021-08-09,36009,,,
2021-08-10,35895,,,
2021-08-11,36354,,,
2021-08-12,38217,,,
2021-08-13,39526,,,
2021-08-16,40237,,,
2021-08-17,41049,,,
2021-08-18,44495,,,
2021-08-19,47361,,,
2021-08-20,49731,,,
2021-08-23,50708,,,
2021-08-24,51472,,,
2021-08-25,50662,,,
2021-08-26,50113,,,
2021-08-27,51099,,,
2021-08-31,49089,,,
2021-09-01,46987,,,
2021-09-02,47407,,,
2021-09-03,46647,,,
2021-09-06,44465,,,
2021-09-07,42220,,,
2021-09-08,40518,,,
2021-09-09,41151,,,
2021-09-10,46172,,,
2021-09-13,52908,,,
2021-09-14,53692,,,
2021-09-15,53381,,,
2021-09-16,52281,,,
2021-09-17,53240,,,
2021-09-20,53795,,,
2021-09-21,56269,,,
2021-09-22,59715,,,
2021-09-23,61683,,,
2021-09-24,61309,,,
2021-09-27,63030,,,
2021-09-28,69013,,,
2021-09-29,74786,,,
2021-09-30,74176,,,
2021-10-01,75190,,,
2021-10-04,77035,,,
2021-10-05,80877,,,
2021-10-06,86870,,,
2021-10-07,86953,,,
2021-10-08,83865,,,
2021-10-11,82722,,,
2021-10-12,79535,,,
2021-10-13,74540,,,
2021-10-14,70181,,,
2021-10-15,64417,,,
2021-10-18,61026,,,
2021-10-19,59955,,,
2021-10-20,60333,,,
2021-10-21,57374,,,
2021-10-22,51463,,,
2021-10-25,47950,,,
2021-10-26,43985,,,
2021-10-27,40040,,,
2021-10-28,37669,,,
2021-10-29,36065,,,
2021-11-01,34845,,,
2021-11-02,30987,,,
2021-11-03,27162,,,
2021-11-04,26710,,,
2021-11-05,27199,,,
2021-11-08,28014,,,
2021-11-09,30475,,,
2021-11-10,32099,,,
2021-11-11,32109,,,
2021-11-12,31811,,,
2021-11-15,31113,,,
2021-11-16,28059,,,
2021-11-17,25406,,,
2021-11-18,27033,,,
2021-11-19,29938,,,
2021-11-22,32210,,,
2021-11-23,33631,,,
2021-11-24,31694,,,
2021-11-25,31317,,,
2021-11-26,32393,,,
2021-11-29,34360,,,
2021-11-30,37181,,,
2021-12-01,37023,,,
2021-12-02,37604,,,
2021-12-03,38096,,,
2021-12-06,38970,,,
2021-12-07,41324,,,
2021-12-08,43030,,,
2021-12-09,41379,,,
2021-12-10,40035,,,
2021-12-13,39127,,,
2021-12-14,32838,,,
2021-12-15,27137,,,
2021-12-16,24003,,,
2021-12-17,22613,,,
2021-12-20,23283,,,
2021-12-21,22088,,,
2021-12-22,20363,,,
2021-12-23,19494,,,
2021-12-24,19176,,,
2022-01-04,19490,,,
2022-01-05,19084,,,
2022-01-06,19535,,,
2022-01-07,20167,,,
2022-01-10,21181,,,
2022-01-11,19284,,,
2022-01-12,17390,,,
2022-01-13,14477,,,
2022-01-14,12407,,,
2022-01-17,12190,,,
2022-01-18,10913,,,
2022-01-19,10169,,,
2022-01-20,8547,,,
2022-01-21,7390,,,
2022-01-24,6935,,,
2022-01-25,6180,,,
2022-01-26,5826,,,
2022-01-27,6780,,,
2022-01-28,8918,,,
2022-01-31,10015,,,
2022-02-01,10753,,,
2022-02-02,10616,,,
2022-02-03,10710,,,
2022-02-04,10302,,,
2022-02-07,9521,,,
2022-02-08,9969,,,
2022-02-09,12468,,,
2022-02-10,15789,,,
2022-02-11,15397,,,
2022-02-14,14888,,,
2022-02-15,14209,,,
2022-02-16,12239,,,
2022-02-17,12000,,,
2022-02-18,13888,,,
2022-02-21,15331,,,
2022-02-22,16709,,,
2022-02-23,18181,,,
2022-02-24,16586,,,
2022-02-25,14026,,,
2022-02-28,13414,,,
2022-03-01,14019,,,
2022-03-02,15258,,,
2022-03-03,13596,,,
2022-03-04,13560,,,
2022-03-07,14508,,,
2022-03-08,15721,,,
2022-03-09,18928,,,
2022-03-10,21668,,,
2022-03-11,22195,,,
2022-03-14,23101,,,
2022-03-15,23413,,,
2022-03-16,21830,,,
2022-03-17,21596,,,
2022-03-18,21604,,,
2022-03-21,20481,,,
2022-03-22,18041,,,
2022-03-23,17412,,,
2022-03-24,16333,,,
2022-03-25,15648,,,
2022-03-28,14380,,,
2022-03-29,13596,,,
2022-03-30,13655,,,
2022-03-31,14593,,,
2022-04-01,15460,,,
2022-04-04,14896,,,
2022-04-05,13469,,,
2022-04-06,12355,,,
2022-04-07,11753,,,
2022-04-08,11979,,,
2022-04-11,11566,,,
2022-04-12,11348,,,
2022-04-13,11370,,,
2022-04-14,12285,,,
2022-04-19,11127,,,
2022-04-20,11305,,,
2022-04-21,13571,,,
2022-04-22,15299,,,
2022-04-25,16609,,,
2022-04-26,17991,,,
2022-04-27,18460,,,
2022-04-28,17821,,,
2022-04-29,17713,,,
2022-05-03,17804,,,
2022-05-04,19235,,,
2022-05-05,22569,,,
2022-05-06,24002,,,
2022-05-09,26412,,,
2022-05-10,28703,,,
2022-05-11,31151,,,
2022-05-12,32885,,,
2022-05-13,32733,,,
2022-05-16,32581,,,
2022-05-17,32754,,,
2022-05-18,34531,,,
2022-05-19,36368,,,
2022-05-20,37538,,,
2022-05-23,38169,,,
2022-05-24,35564,,,
2022-05-25,33069,,,
2022-05-26,28840,,,
2022-05-27,23373,,,
2022-05-30,21516,,,
2022-05-31,22126,,,
2022-06-01,24274,,,
2022-06-06,22866,,,
2022-06-07,22128,,,
2022-06-08,20380,,,
2022-06-09,19643,,,
2022-06-10,19665,,,
2022-06-13,18627,,,
2022-06-14,19138,,,
2022-06-15,21157,,,
2022-06-16,22411,,,
2022-06-17,24776,,,
2022-06-20,25138,,,
2022-06-21,22477,,,
2022-06-22,19430,,,
2022-06-23,20061,,,
2022-06-24,19875,,,
2022-06-27,19336,,,
2022-06-28,17849,,,
2022-06-29,18248,,,
2022-06-30,20190,,,
2022-07-01,19745,,,
2022-07-04,18481,,,
2022-07-05,17283,,,
2022-07-06,16588,,,
2022-07-07,18286,,,
2022-07-08,18825,,,
2022-07-11,19613,,,
2022-07-12,18655,,,
2022-07-13,19358,,,
2022-07-14,20375,,,
2022-07-15,24209,,,
2022-07-18,24603,,,
2022-07-19,24043,,,
2022-07-20,22552,,,
2022-07-21,21999,,,
2022-07-22,22362,,,
2022-07-25,21526,,,
2022-07-26,20359,,,
2022-07-27,19352,,,
2022-07-28,18162,,,
2022-07-29,17255,,,
2022-08-01,17100,,,
2022-08-02,16347,,,
2022-08-03,14842,,,
2022-08-04,12271,,,
2022-08-05,11700,,,
2022-08-08,12152,,,
2022-08-09,12521,,,
2022-08-10,13455,,,
2022-08-11,12757,,,
2022-08-12,10898,,,
2022-08-15,9104,,,
2022-08-16,8783,,,
2022-08-17,8978,,,
2022-08-18,7188,,,
2022-08-19,6267,,,
2022-08-22,6199,,,
2022-08-23,6608,,,
2022-08-24,5636,,,
2022-08-25,3931,,,
2022-08-26,3413,,,
2022-08-30,2793,,,
2022-08-31,2505,,,
2022-09-01,3887,,,
2022-09-02,6076,,,
2022-09-05,7000,,,
2022-09-06,6037,,,
2022-09-07,5442,,,
2022-09-08,5407,,,
2022-09-09,5574,,,
2022-09-12,6270,,,
2022-09-13,8952,,,
2022-09-14,12977,,,
2022-09-15,13580,,,
2022-09-16,12599,,,
2022-09-20,16540,,,
2022-09-21,16760,,,
2022-09-22,16000,,,
2022-09-23,18293,,,
2022-09-26,18207,,,
2022-09-27,17916,,,
2022-09-28,17477,,,
2022-09-29,16202,,,
2022-09-30,16214,,,
2022-10-03,16924,,,
2022-10-04,18611,,,
2022-10-05,21175,,,
2022-10-06,20786,,,
2022-10-07,19874,,,
2022-10-10,19418,,,
2022-10-11,18630,,,
2022-10-12,18241,,,
2022-10-13,17365,,,
2022-10-14,17965,,,
2022-10-17,18133,,,
2022-10-18,18631,,,
2022-10-19,18322,,,
2022-10-20,17505,,,
2022-10-21,17175,,,
2022-10-24,16883,,,
2022-10-25,16209,,,
2022-10-26,15637,,,
2022-10-27,14500,,,
2022-10-28,13852,,,
2022-10-31,12933,,,
2022-11-01,11509,,,
2022-11-02,10664,,,
2022-11-03,10158,,,
2022-11-04,11139,,,
2022-11-07,11648,,,
2022-11-08,12379,,,
2022-11-09,13578,,,
2022-11-10,13702,,,
2022-11-11,12807,,,
2022-11-14,11995,,,
2022-11-15,11371,,,
2022-11-16,11054,,,
2022-11-17,9855,,,
2022-11-18,9305,,,
2022-11-21,9363,,,
2022-11-22,9057,,,
2022-11-23,10106,,,
2022-11-24,11479,,,
2022-11-25,13373,,,
2022-11-28,13845,,,
2022-11-29,13177,,,
2022-11-30,13624,,,
2022-12-01,13020,,,
2022-12-02,12598,,,
2022-12-05,12457,,,
2022-12-06,12774,,,
2022-12-07,13561,,,
2022-12-08,13888,,,
2022-12-09,13957,,,
2022-12-12,13424,,,
2022-12-13,13276,,,
2022-12-14,14293,,,
2022-12-15,17374,,,
2022-12-16,18312,,,
2022-12-19,18126,,,
2022-12-20,19617,,,
2022-12-21,23197,,,
2022-12-22,21775,,,
2022-12-23,18749,,,
2023-01-03,13561,,,
2023-01-04,12575,,,
2023-01-05,12473,,,
2023-01-06,12543,,,
2023-01-09,13237,,,
2023-01-10,12741,,,
2023-01-11,12188,,,
2023-01-12,11188,,,
2023-01-13,10770,,,
2023-01-16,10874,,,
2023-01-17,10287,,,
2023-01-18,9182,,,
2023-01-19,7404,,,
2023-01-20,6529,,,
2023-01-23,6094,,,
2023-01-24,5684,,,
2023-01-25,5231,,,
2023-01-26,4551,,,
2023-01-27,4433,,,
2023-01-30,4418,,,
2023-01-31,4411,,,
2023-02-01,4137,,,
2023-02-02,3688,,,
2023-02-03,3561,,,
2023-02-06,3475,,,
2023-02-07,3677,,,
2023-02-08,3927,,,
2023-02-09,3752,,,
2023-02-10,4033,,,
2023-02-13,4432,,,
2023-02-14,3167,,,
2023-02-15,2630,,,
2023-02-16,2280,,,
2023-02-17,2246,,,
2023-02-20,2354,,,
2023-02-21,2513,,,
2023-02-22,3235,,,
2023-02-23,4754,,,
2023-02-24,5271,,,
2023-02-27,5815,,,
2023-02-28,6042,,,
2023-03-01,7703,,,
2023-03-02,8296,,,
2023-03-03,9910,,,
2023-03-06,11026,,,
2023-03-07,12201,,,
2023-03-08,12851,,,
2023-03-09,13783,,,
2023-03-10,14466,,,
2023-03-13,15099,,,
2023-03-14,17500,,,
2023-03-15,17453,,,
2023-03-16,16387,,,
2023-03-17,15867,,,
2023-03-20,16134,,,
2023-03-21,15601,,,
2023-03-22,14528,,,
2023-03-23,15396,,,
2023-03-24,15611,,,
2023-03-27,14888,,,
2023-03-28,13655,,,
2023-03-29,13788,,,
2023-03-30,13901,,,
2023-03-31,13806,,,
2023-04-03,14290,,,
2023-04-04,15483,,,
2023-04-05,16233,,,
2023-04-06,16928,,,
2023-04-11,15849,,,
2023-04-12,15106,,,
2023-04-13,15657,,,
2023-04-14,15344,,,
2023-04-17,14939,,,
2023-04-18,13916,,,
2023-04-19,13624,,,
2023-04-20,14746,,,
2023-04-21,16270,,,
2023-04-24,16526,,,
2023-04-25,16471,,,
2023-04-26,17419,,,
2023-04-27,18874,,,
2023-04-28,19080,,,
2023-05-02,18809,,,
2023-05-03,19283,,,
2023-05-04,19283,,,
2023-05-05,19768,,,
2023-05-09,20807,,,
2023-05-10,21814,,,
2023-05-11,21276,,,
2023-05-12,20367,,,
2023-05-15,19777,,,
2023-05-16,19033,,,
2023-05-17,18111,,,
2023-05-18,17767,,,
2023-05-19,17459,,,
2023-05-22,17126,,,
2023-05-23,16922,,,
2023-05-24,16010,,,
2023-05-25,14577,,,
2023-05-26,13956,,,
2023-05-30,13221,,,
2023-05-31,10099,,,
2023-06-01,9487,,,
2023-06-02,9254,,,
2023-06-05,9766,,,
2023-06-06,11470,,,
2023-06-07,11503,,,
2023-06-08,12112,,,
2023-06-09,12560,,,
2023-06-12,12702,,,
2023-06-13,13163,,,
2023-06-14,13106,,,
2023-06-15,13258,,,
2023-06-16,12674,,,
2023-06-19,12375,,,
2023-06-20,12769,,,
2023-06-21,14350,,,
2023-06-22,16514,,,
2023-06-23,17252,,,
2023-06-26,17209,,,
2023-06-27,16068,,,
2023-06-28,15113,,,
2023-06-29,14589,,,
2023-06-30,14133,,,
2023-07-03,13692,,,
2023-07-04,13279,,,
2023-07-05,12234,,,
2023-07-06,12265,,,
2023-07-07,12625,,,
2023-07-10,12894,,,
2023-07-11,12858,,,
2023-07-12,13810,,,
2023-07-13,14028,,,
2023-07-14,13722,,,
2023-07-17,13386,,,
2023-07-18,12676,,,
2023-07-19,12178,,,
2023-07-20,11787,,,
2023-07-21,11958,,,
2023-07-24,11795,,,
2023-07-25,11806,,,
2023-07-26,14379,,,
2023-07-27,14937,,,
2023-07-28,15180,,,
2023-07-31,15533,,,
2023-08-01,15924,,,
2023-08-02,14997,,,
2023-08-03,14956,,,
2023-08-04,15080,,,
2023-08-07,15192,,,
2023-08-08,14791,,,
2023-08-09,14526,,,
2023-08-10,13883,,,
2023-08-11,13200,,,
2023-08-14,13017,,,
2023-08-15,13244,,,
2023-08-16,14106,,,
2023-08-17,13809,,,
2023-08-18,13255,,,
2023-08-21,12752,,,
2023-08-22,12117,,,
2023-08-23,11315,,,
2023-08-24,10443,,,
2023-08-25,9735,,,
2023-08-29,9997,,,
2023-08-30,9310,,,
2023-08-31,9072,,,
2023-09-01,8561,,,
2023-09-04,8887,,,
2023-09-05,8266,,,
2023-09-06,8573,,,
2023-09-07,9863,,,
2023-09-08,10693,,,
2023-09-11,10982,,,
2023-09-12,11027,,,
2023-09-13,11743,,,
2023-09-14,12537,,,
2023-09-15,13284,,,
2023-09-18,14503,,,
2023-09-19,16103,,,
2023-09-20,17145,,,
2023-09-21,16646,,,
2023-09-22,17274,,,
2023-09-25,17810,,,
2023-09-26,19855,,,
2023-09-27,21364,,,
2023-09-28,20675,,,
2023-09-29,20520,,,
2023-10-02,21645,,,
2023-10-03,22996,,,
2023-10-04,23226,,,
2023-10-05,24727,,,
2023-10-06,27445,,,
2023-10-09,28901,,,
2023-10-10,28373,,,
2023-10-11,27402,,,
2023-10-12,27185,,,
2023-10-13,27591,,,
2023-10-16,28348,,,
2023-10-17,30348,,,
2023-10-18,31089,,,
2023-10-19,30130,,,
2023-10-20,29493,,,
2023-10-23,28805,,,
2023-10-24,27169,,,
