Date;CLOSE
2013-10-18;985,0
2013-10-21;980,0
2013-10-22;967,0
2013-10-23;956,0
2013-10-24;938,0
2013-10-25;935,0
2013-10-28;936,0
2013-10-29;932,0
2013-10-30;933,0
2013-10-31;934,0
2013-11-01;952,0
2013-11-04;955,0
2013-11-05;953,0
2013-11-06;953,0
2013-11-07;951,0
2013-11-08;949,0
2013-11-11;950,0
2013-11-12;952,0
2013-11-13;957,0
2013-11-14;953,0
2013-11-15;951,0
2013-11-18;953,0
2013-11-19;957,0
2013-11-20;960,0
2013-11-21;956,0
2013-11-22;957,0
2013-11-25;957,0
2013-11-26;963,0
2013-11-27;959,0
2013-11-28;961,0
2013-11-29;965,0
2013-12-02;962,0
2013-12-03;960,0
2013-12-04;972,0
2013-12-05;968,0
2013-12-06;964,0
2013-12-09;965,0
2013-12-10;968,0
2013-12-11;964,0
2013-12-12;961,0
2013-12-13;945,0
2013-12-16;949,0
2013-12-17;942,0
2013-12-18;936,0
2013-12-19;937,0
2013-12-20;932,0
2013-12-23;908,0
2013-12-24;905,0
2013-12-25;905,0
2013-12-26;912,0
2013-12-27;923,0
2013-12-30;928,0
2013-12-31;921,0
2014-01-02;915,0
2014-01-03;899,0
2014-01-06;910,0
2014-01-07;910,0
2014-01-08;910,0
2014-01-09;909,0
2014-01-10;909,0
2014-01-13;907,0
2014-01-14;912,0
2014-01-15;912,0
2014-01-16;914,0
2014-01-17;909,0
2014-01-20;905,0
2014-01-21;889,0
2014-01-22;901,0
2014-01-23;904,0
2014-01-24;909,0
2014-01-27;881,0
2014-01-28;876,0
2014-01-29;876,0
2014-01-30;860,0
2014-02-07;836,0
2014-02-10;851,0
2014-02-11;856,0
2014-02-12;837,0
2014-02-13;837,0
2014-02-14;850,0
2014-02-17;837,0
2014-02-18;858,0
2014-02-19;861,0
2014-02-20;851,0
2014-02-21;848,0
2014-02-24;848,0
2014-02-25;848,0
2014-02-26;848,0
2014-02-27;848,0
2014-02-28;838,0
2014-03-03;838,0
2014-03-04;838,0
2014-03-05;838,0
2014-03-06;838,0
2014-03-07;838,0
2014-03-10;838,0
2014-03-11;838,0
2014-03-12;838,0
2014-03-13;838,0
2014-03-14;838,0
2014-03-17;788,0
2014-03-18;788,0
2014-03-19;788,0
2014-03-20;788,0
2014-03-21;788,0
2014-03-24;788,0
2014-03-25;788,0
2014-03-26;788,0
2014-03-27;788,0
2014-03-28;788,0
2014-03-31;788,0
2014-04-01;788,0
2014-04-02;788,0
2014-04-03;788,0
2014-04-04;788,0
2014-04-08;788,0
2014-04-09;788,0
2014-04-10;788,0
2014-04-11;788,0
2014-04-14;788,0
2014-04-15;788,0
2014-04-16;850,0
2014-04-17;849,0
2014-04-18;835,0
2014-04-21;830,0
2014-04-22;830,0
2014-04-23;829,0
2014-04-24;845,0
2014-04-25;847,0
2014-04-28;825,0
2014-04-29;828,0
2014-04-30;830,0
2014-05-05;833,0
2014-05-06;800,0
2014-05-07;800,0
2014-05-08;803,0
2014-05-09;835,0
2014-05-12;836,0
2014-05-13;842,0
2014-05-14;826,0
2014-05-15;839,0
2014-05-16;832,0
2014-05-19;786,0
2014-05-20;783,0
2014-05-21;779,0
2014-05-22;777,0
2014-05-23;772,0
2014-05-26;763,0
2014-05-27;761,0
2014-05-28;746,0
2014-05-29;730,0
2014-05-30;720,0
2014-06-03;710,0
2014-06-04;710,0
2014-06-05;710,0
2014-06-06;702,0
2014-06-09;702,0
2014-06-10;702,0
2014-06-11;702,0
2014-06-12;702,0
2014-06-13;719,0
2014-06-16;705,0
2014-06-17;694,0
2014-06-18;690,0
2014-06-19;690,0
2014-06-20;695,0
2014-06-23;695,0
2014-06-24;679,0
2014-06-25;670,0
2014-06-26;696,0
2014-06-27;696,0
2014-06-30;707,0
2014-07-01;707,0
2014-07-02;707,0
2014-07-03;707,0
2014-07-04;707,0
2014-07-07;707,0
2014-07-08;707,0
2014-07-09;707,0
2014-07-10;707,0
2014-07-11;707,0
2014-07-14;707,0
2014-07-15;731,0
2014-07-16;739,0
2014-07-17;735,0
2014-07-18;735,0
2014-07-21;735,0
2014-07-22;735,0
2014-07-23;707,0
2014-07-24;680,0
2014-07-25;680,0
2014-07-28;656,0
2014-07-29;657,0
2014-07-30;669,0
2014-07-31;657,0
2014-08-01;657,0
2014-08-04;657,0
2014-08-05;657,0
2014-08-06;657,0
2014-08-07;657,0
2014-08-08;657,0
2014-08-11;657,0
2014-08-12;657,0
2014-08-13;657,0
2014-08-14;657,0
2014-08-15;668,0
2014-08-18;668,0
2014-08-19;664,0
2014-08-20;671,0
2014-08-21;665,0
2014-08-22;664,0
2014-08-25;658,0
2014-08-26;658,0
2014-08-27;650,0
2014-08-28;627,0
2014-08-29;611,0
2014-09-01;594,0
2014-09-02;598,0
2014-09-03;595,0
2014-09-04;593,0
2014-09-05;560,0
2014-09-09;570,0
2014-09-10;589,0
2014-09-11;589,0
2014-09-12;594,0
2014-09-15;589,0
2014-09-16;591,0
2014-09-17;599,0
2014-09-18;600,0
2014-09-19;596,0
2014-09-22;611,0
2014-09-23;587,0
2014-09-24;580,0
2014-09-25;578,0
2014-09-26;578,0
2014-09-29;597,0
2014-09-30;617,0
2014-10-08;580,0
2014-10-09;546,0
2014-10-10;546,0
2014-10-13;546,0
2014-10-14;546,0
2014-10-15;546,0
2014-10-16;546,0
2014-10-17;546,0
2014-10-20;546,0
2014-10-21;552,0
2014-10-22;576,0
2014-10-23;576,0
2014-10-24;562,0
2014-10-27;562,0
2014-10-28;562,0
2014-10-29;562,0
2014-10-30;562,0
2014-10-31;562,0
2014-11-03;562,0
2014-11-04;562,0
2014-11-05;562,0
2014-11-06;562,0
2014-11-07;562,0
2014-11-10;562,0
2014-11-11;562,0
2014-11-12;562,0
2014-11-13;562,0
2014-11-14;562,0
2014-11-17;555,0
2014-11-18;555,0
2014-11-19;555,0
2014-11-20;555,0
2014-11-21;555,0
2014-11-24;555,0
2014-11-25;555,0
2014-11-26;555,0
2014-11-27;555,0
2014-11-28;555,0
2014-12-01;555,0
2014-12-02;555,0
2014-12-03;555,0
2014-12-04;555,0
2014-12-05;555,0
2014-12-08;555,0
2014-12-09;555,0
2014-12-10;555,0
2014-12-11;555,0
2014-12-12;555,0
2014-12-15;525,0
2014-12-16;518,0
2014-12-17;519,0
2014-12-18;522,0
2014-12-19;521,0
2014-12-22;519,0
2014-12-23;513,0
2014-12-24;508,0
2014-12-25;501,0
2014-12-26;496,0
2014-12-29;509,0
2014-12-30;526,0
2014-12-31;531,0
2015-01-05;519,0
2015-01-06;528,0
2015-01-07;526,0
2015-01-08;526,0
2015-01-09;525,0
2015-01-12;519,0
2015-01-13;505,0
2015-01-14;505,0
2015-01-15;505,0
2015-01-16;524,0
2015-01-19;512,0
2015-01-20;512,0
2015-01-21;512,0
2015-01-22;510,0
2015-01-23;513,0
2015-01-26;513,0
2015-01-27;513,0
2015-01-28;513,0
2015-01-29;513,0
2015-01-30;513,0
2015-02-02;513,0
2015-02-03;513,0
2015-02-04;513,0
2015-02-05;513,0
2015-02-06;513,0
2015-02-09;513,0
2015-02-10;513,0
2015-02-11;513,0
2015-02-12;513,0
2015-02-13;513,0
2015-02-16;509,0
2015-02-17;509,0
2015-02-25;509,0
2015-02-26;509,0
2015-02-27;509,0
2015-03-02;509,0
2015-03-03;509,0
2015-03-04;509,0
2015-03-05;509,0
2015-03-06;509,0
2015-03-09;509,0
2015-03-10;509,0
2015-03-11;509,0
2015-03-12;509,0
2015-03-13;509,0
2015-03-16;538,0
2015-03-17;554,0
2015-03-18;554,0
2015-03-19;550,0
2015-03-20;550,0
2015-03-23;550,0
2015-03-24;550,0
2015-03-25;550,0
2015-03-26;550,0
2015-03-27;550,0
2015-03-30;550,0
2015-03-31;549,0
2015-04-01;549,0
2015-04-02;549,0
2015-04-03;549,0
2015-04-07;549,0
2015-04-08;549,0
2015-04-09;549,0
2015-04-10;549,0
2015-04-13;549,0
2015-04-14;549,0
2015-04-15;549,0
2015-04-16;398,0
2015-04-17;402,0
2015-04-20;403,0
2015-04-21;401,5
2015-04-22;414,0
2015-04-23;421,0
2015-04-24;431,5
2015-04-27;443,5
2015-04-28;451,5
2015-04-29;457,5
2015-04-30;457,5
2015-05-04;460,0
2015-05-05;461,5
2015-05-06;485,5
2015-05-07;485,5
2015-05-08;488,0
2015-05-11;488,0
2015-05-12;491,5
2015-05-13;499,0
2015-05-14;472,0
2015-05-15;473,0
2015-05-18;459,5
2015-05-19;454,5
2015-05-20;448,5
2015-05-21;451,0
2015-05-22;453,5
2015-05-25;458,0
2015-05-26;466,0
2015-05-27;463,5
2015-05-28;454,5
2015-05-29;468,0
2015-06-01;492,5
2015-06-02;468,0
2015-06-03;478,0
2015-06-04;473,5
2015-06-05;478,0
2015-06-08;478,0
2015-06-09;488,0
2015-06-10;488,0
2015-06-11;505,0
2015-06-12;487,5
2015-06-15;498,5
2015-06-16;495,5
2015-06-17;491,5
2015-06-18;498,5
2015-06-19;506,5
2015-06-23;507,5
2015-06-24;511,5
2015-06-25;504,5
2015-06-26;507,0
2015-06-29;507,0
2015-06-30;507,0
2015-07-01;505,0
2015-07-02;505,0
2015-07-03;492,0
2015-07-06;492,0
2015-07-07;492,0
2015-07-08;492,0
2015-07-09;463,0
2015-07-10;436,0
2015-07-13;410,0
2015-07-14;492,0
2015-07-15;376,0
2015-07-16;370,0
2015-07-17;378,5
2015-07-20;389,5
2015-07-21;397,5
2015-07-22;393,5
2015-07-23;387,0
2015-07-24;390,5
2015-07-27;400,5
2015-07-28;405,0
2015-07-29;414,5
2015-07-30;415,0
2015-07-31;413,5
2015-08-03;426,0
2015-08-04;405,0
2015-08-05;405,0
2015-08-06;405,0
2015-08-07;405,0
2015-08-10;382,0
2015-08-11;382,0
2015-08-12;382,0
2015-08-13;404,0
2015-08-14;414,0
2015-08-17;441,5
2015-08-18;447,5
2015-08-19;438,0
2015-08-20;439,5
2015-08-21;441,0
2015-08-24;431,0
2015-08-25;427,5
2015-08-26;430,5
2015-08-27;424,5
2015-08-28;434,5
2015-08-31;445,0
2015-09-01;466,0
2015-09-02;465,5
2015-09-07;466,5
2015-09-08;466,5
2015-09-09;467,0
2015-09-10;472,5
2015-09-11;488,0
2015-09-14;488,0
2015-09-15;488,0
2015-09-16;466,5
2015-09-17;461,0
2015-09-18;459,0
2015-09-21;462,0
2015-09-22;476,0
2015-09-23;489,5
2015-09-24;506,5
2015-09-25;517,0
2015-09-28;508,0
2015-09-29;500,0
2015-09-30;519,5
2015-10-08;550,0
2015-10-09;550,0
2015-10-12;550,0
2015-10-13;550,0
2015-10-14;550,0
2015-10-15;550,0
2015-10-16;550,0
2015-10-19;550,0
2015-10-20;550,0
2015-10-21;550,0
2015-10-22;471,5
2015-10-23;473,0
2015-10-26;468,5
2015-10-27;453,0
2015-10-28;445,0
2015-10-29;427,5
2015-10-30;440,5
2015-11-02;463,5
2015-11-03;463,5
2015-11-04;463,5
2015-11-05;463,5
2015-11-06;438,0
2015-11-09;438,0
2015-11-10;438,0
2015-11-11;438,0
2015-11-12;438,0
2015-11-13;446,5
2015-11-16;368,5
2015-11-17;361,0
2015-11-18;352,0
2015-11-19;350,5
2015-11-20;359,0
2015-11-23;357,5
2015-11-24;357,0
2015-11-25;355,0
2015-11-26;347,0
2015-11-27;349,0
2015-11-30;343,0
2015-12-01;330,0
2015-12-02;313,0
2015-12-03;330,0
2015-12-04;345,0
2015-12-07;359,0
2015-12-08;359,0
2015-12-09;359,0
2015-12-10;359,0
2015-12-11;359,0
2015-12-14;342,0
2015-12-15;310,0
2015-12-16;306,0
2015-12-17;309,0
2015-12-18;313,5
2015-12-21;325,0
2015-12-22;334,5
2015-12-23;334,5
2015-12-24;344,5
2015-12-25;346,0
2015-12-28;347,0
2015-12-29;347,5
2015-12-30;354,0
2015-12-31;360,0
2016-01-04;369,5
2016-01-05;371,0
2016-01-06;365,5
2016-01-07;363,0
2016-01-08;354,0
2016-01-11;338,5
2016-01-12;322,5
2016-01-13;322,0
2016-01-14;322,0
2016-01-15;347,0
2016-01-18;327,0
2016-01-19;333,5
2016-01-20;323,0
2016-01-21;321,0
2016-01-22;320,5
2016-01-25;321,0
2016-01-26;317,5
2016-01-27;321,0
2016-01-28;318,5
2016-01-29;316,0
2016-02-01;329,5
2016-02-02;329,5
2016-02-03;329,5
2016-02-04;329,5
2016-02-05;329,5
2016-02-15;329,5
2016-02-16;329,5
2016-02-17;329,5
2016-02-18;329,5
2016-02-19;329,5
2016-02-22;353,5
2016-02-23;370,0
2016-02-24;371,0
2016-02-25;373,0
2016-02-26;366,0
2016-02-29;378,0
2016-03-01;390,0
2016-03-02;390,0
2016-03-03;390,0
2016-03-04;390,0
2016-03-07;390,0
2016-03-08;390,0
2016-03-09;390,0
2016-03-10;390,0
2016-03-11;390,0
2016-03-14;390,0
2016-03-15;423,0
2016-03-16;422,5
2016-03-17;433,0
2016-03-18;446,0
2016-03-21;450,5
2016-03-22;445,0
2016-03-23;440,0
2016-03-24;422,5
2016-03-25;421,0
2016-03-28;423,0
2016-03-29;421,5
2016-03-30;436,0
2016-03-31;439,5
2016-04-01;439,5
2016-04-05;425,5
2016-04-06;425,5
2016-04-07;425,5
2016-04-08;425,5
2016-04-11;425,5
2016-04-12;425,5
2016-04-13;425,5
2016-04-14;425,5
2016-04-15;425,5
2016-04-18;461,5
2016-04-19;473,0
2016-04-20;491,0
2016-04-21;507,5
2016-04-22;520,5
2016-04-25;528,0
2016-04-26;509,0
2016-04-27;496,0
2016-04-28;511,5
2016-04-29;540,0
2016-05-03;566,5
2016-05-04;538,5
2016-05-05;512,0
2016-05-06;518,0
2016-05-09;510,5
2016-05-10;510,5
2016-05-11;490,5
2016-05-12;490,5
2016-05-13;472,5
2016-05-16;541,5
2016-05-17;449,0
2016-05-18;461,0
2016-05-19;449,5
2016-05-20;461,5
2016-05-23;454,5
2016-05-24;459,0
2016-05-25;467,5
2016-05-26;470,0
2016-05-27;456,0
2016-05-30;434,5
2016-05-31;434,0
2016-06-01;460,0
2016-06-02;487,0
2016-06-03;487,0
2016-06-06;459,5
2016-06-07;460,0
2016-06-08;460,0
2016-06-13;460,0
2016-06-14;487,0
2016-06-15;499,0
2016-06-16;474,5
2016-06-17;435,5
2016-06-20;418,0
2016-06-21;412,5
2016-06-22;429,5
2016-06-23;432,5
2016-06-24;414,0
2016-06-27;414,0
2016-06-28;434,5
2016-06-29;428,5
2016-06-30;444,0
2016-07-01;444,0
2016-07-04;444,0
2016-07-05;444,0
2016-07-06;444,0
2016-07-07;444,0
2016-07-08;444,0
2016-07-11;444,0
2016-07-12;444,0
2016-07-13;444,0
2016-07-14;444,0
2016-07-15;464,5
2016-07-18;453,0
2016-07-19;444,5
2016-07-20;444,5
2016-07-21;443,5
2016-07-22;459,5
2016-07-25;455,5
2016-07-26;455,5
2016-07-27;475,0
2016-07-28;488,0
2016-07-29;480,0
2016-08-01;480,0
2016-08-02;480,0
2016-08-03;480,0
2016-08-04;466,0
2016-08-05;466,0
2016-08-08;466,0
2016-08-09;466,0
2016-08-10;466,0
2016-08-11;466,0
2016-08-12;466,0
2016-08-15;478,0
2016-08-16;484,5
2016-08-17;482,0
2016-08-18;480,5
2016-08-19;484,0
2016-08-22;485,0
2016-08-23;486,0
2016-08-24;489,5
2016-08-25;483,0
2016-08-26;480,5
2016-08-29;474,5
2016-08-30;476,0
2016-08-31;477,0
2016-09-01;473,0
2016-09-02;470,5
2016-09-05;468,0
2016-09-06;476,5
2016-09-07;467,5
2016-09-08;464,0
2016-09-09;464,0
2016-09-12;468,0
2016-09-13;463,0
2016-09-14;471,5
2016-09-19;451,5
2016-09-20;451,5
2016-09-21;455,0
2016-09-22;457,5
2016-09-23;473,5
2016-09-26;467,5
2016-09-27;469,0
2016-09-28;462,0
2016-09-29;470,0
2016-09-30;443,5
2016-10-10;443,5
2016-10-11;443,5
2016-10-12;443,5
2016-10-13;443,5
2016-10-14;443,5
2016-10-17;443,5
2016-10-18;443,5
2016-10-19;443,5
2016-10-20;443,5
2016-10-21;443,5
2016-10-24;467,5
2016-10-25;472,0
2016-10-26;478,5
2016-10-27;488,5
2016-10-28;500,5
2016-10-31;487,0
2016-11-01;515,5
2016-11-02;515,5
2016-11-03;515,5
2016-11-04;515,5
2016-11-07;539,0
2016-11-08;539,0
2016-11-09;539,0
2016-11-10;539,0
2016-11-11;539,0
2016-11-14;534,0
2016-11-15;600,5
2016-11-16;574,5
2016-11-17;544,5
2016-11-18;537,0
2016-11-21;531,5
2016-11-22;531,0
2016-11-23;559,5
2016-11-24;558,5
2016-11-25;541,0
2016-11-28;573,0
2016-11-29;587,5
2016-11-30;615,5
2016-12-01;615,5
2016-12-02;615,5
2016-12-05;615,5
2016-12-06;615,5
2016-12-07;615,5
2016-12-08;615,5
2016-12-09;615,5
2016-12-12;615,5
2016-12-13;615,5
2016-12-14;600,0
2016-12-15;665,0
2016-12-16;666,0
2016-12-19;658,0
2016-12-20;657,0
2016-12-21;659,5
2016-12-22;660,5
2016-12-23;669,5
2016-12-26;662,0
2016-12-27;655,5
2016-12-28;655,5
2016-12-29;646,0
2016-12-30;652,0
2017-01-03;665,0
2017-01-04;655,5
2017-01-05;658,5
2017-01-06;666,5
2017-01-09;667,0
2017-01-10;676,0
2017-01-11;670,5
2017-01-12;682,5
2017-01-13;700,0
2017-01-16;668,0
2017-01-17;668,0
2017-01-18;649,0
2017-01-19;643,5
2017-01-20;660,0
2017-01-23;628,0
2017-01-24;632,0
2017-01-25;608,0
2017-01-26;662,0
2017-02-03;721,0
2017-02-06;721,0
2017-02-07;721,0
2017-02-08;721,0
2017-02-09;721,0
2017-02-10;721,0
2017-02-13;721,0
2017-02-14;721,0
2017-02-15;721,0
2017-02-16;721,0
2017-02-17;721,5
2017-02-20;755,0
2017-02-21;767,0
2017-02-22;735,5
2017-02-23;750,0
2017-02-24;752,0
2017-02-27;765,5
2017-02-28;817,5
2017-03-01;865,0
2017-03-02;875,0
2017-03-03;875,0
2017-03-06;875,0
2017-03-07;875,0
2017-03-08;840,0
2017-03-09;780,0
2017-03-10;780,0
2017-03-13;724,0
2017-03-14;778,0
2017-03-15;731,0
2017-03-16;747,0
2017-03-17;737,5
2017-03-20;737,5
2017-03-21;719,0
2017-03-22;707,0
2017-03-23;707,0
2017-03-24;707,0
2017-03-27;692,0
2017-03-28;680,5
2017-03-29;687,5
2017-03-30;683,0
2017-03-31;683,0
2017-04-05;683,0
2017-04-06;683,0
2017-04-07;683,0
2017-04-10;630,0
2017-04-11;630,0
2017-04-12;582,0
2017-04-13;580,0
2017-04-14;575,0
2017-04-17;541,0
2017-04-18;530,0
2017-04-19;483,5
2017-04-20;491,0
2017-04-21;517,0
2017-04-24;518,5
2017-04-25;507,0
2017-04-26;505,0
2017-04-27;496,0
2017-04-28;512,0
2017-05-02;527,0
2017-05-03;509,5
2017-05-04;484,0
2017-05-05;454,0
2017-05-08;463,0
2017-05-09;466,5
2017-05-10;472,5
2017-05-11;471,5
2017-05-12;440,0
2017-05-15;484,0
2017-05-16;453,5
2017-05-17;473,0
2017-05-18;477,5
2017-05-19;472,5
2017-05-22;486,0
2017-05-23;489,0
2017-05-24;457,0
2017-05-25;457,0
2017-05-26;451,0
2017-05-31;442,5
2017-06-01;442,5
2017-06-02;442,5
2017-06-05;442,5
2017-06-06;442,5
2017-06-07;442,5
2017-06-08;442,5
2017-06-09;442,5
2017-06-12;442,5
2017-06-13;442,5
2017-06-14;442,5
2017-06-15;422,5
2017-06-16;426,0
2017-06-19;428,0
2017-06-20;427,0
2017-06-21;412,5
2017-06-22;422,5
2017-06-23;422,5
2017-06-26;415,0
2017-06-27;424,0
2017-06-28;409,5
2017-06-29;428,5
2017-06-30;420,5
2017-07-03;442,0
2017-07-04;466,0
2017-07-05;466,0
2017-07-06;466,0
2017-07-07;466,0
2017-07-10;468,0
2017-07-11;480,0
2017-07-12;469,0
2017-07-13;495,0
2017-07-14;467,0
2017-07-17;483,5
2017-07-18;513,0
2017-07-19;536,5
2017-07-20;527,0
2017-07-21;515,5
2017-07-24;527,5
2017-07-25;524,5
2017-07-26;524,5
2017-07-27;528,0
2017-07-28;517,0
2017-07-31;539,5
2017-08-01;539,5
2017-08-02;539,5
2017-08-03;570,0
2017-08-04;560,5
2017-08-07;560,5
2017-08-08;560,5
2017-08-09;560,5
2017-08-10;560,5
2017-08-11;560,5
2017-08-14;560,5
2017-08-15;562,5
2017-08-16;568,0
2017-08-17;580,5
2017-08-18;592,5
2017-08-21;610,5
2017-08-22;624,0
2017-08-23;608,5
2017-08-24;608,5
2017-08-25;610,5
2017-08-28;597,5
2017-08-29;590,0
2017-08-30;587,0
2017-08-31;598,5
2017-09-01;617,5
2017-09-04;606,0
2017-09-05;594,5
2017-09-06;601,0
2017-09-07;585,0
2017-09-08;584,0
2017-09-11;567,5
2017-09-12;581,5
2017-09-13;577,0
2017-09-14;603,5
2017-09-15;499,0
2017-09-18;493,5
2017-09-19;490,5
2017-09-20;481,5
2017-09-21;505,5
2017-09-22;522,0
2017-09-25;508,0
2017-09-26;479,0
2017-09-27;484,0
2017-09-28;475,0
2017-09-29;474,0
2017-10-09;474,0
2017-10-10;474,0
2017-10-11;474,0
2017-10-12;473,5
2017-10-13;465,0
2017-10-16;465,0
2017-10-17;465,0
2017-10-18;465,0
2017-10-19;465,0
2017-10-20;465,0
2017-10-23;478,0
2017-10-24;480,0
2017-10-25;482,0
2017-10-26;481,0
2017-10-27;466,5
2017-10-30;457,5
2017-10-31;441,5
2017-11-01;442,0
2017-11-02;468,0
2017-11-03;460,0
2017-11-06;460,0
2017-11-07;460,0
2017-11-08;460,5
2017-11-09;460,5
2017-11-10;460,5
2017-11-13;462,0
2017-11-14;465,0
2017-11-15;472,5
2017-11-16;464,5
2017-11-17;475,5
2017-11-20;481,0
2017-11-21;474,5
2017-11-22;477,0
2017-11-23;489,0
2017-11-24;497,5
2017-11-27;503,0
2017-11-28;483,0
2017-11-29;500,0
2017-11-30;521,0
2017-12-01;521,0
2017-12-04;521,0
2017-12-05;521,0
2017-12-06;521,0
2017-12-07;521,0
2017-12-08;521,0
2017-12-11;521,0
2017-12-12;521,0
2017-12-13;521,0
2017-12-14;521,0
2017-12-15;486,5
2017-12-18;507,5
2017-12-19;517,0
2017-12-20;511,0
2017-12-21;517,0
2017-12-22;516,5
2017-12-25;511,0
2017-12-26;493,5
2017-12-27;489,0
2017-12-28;488,5
2017-12-29;488,0
2018-01-02;488,5
2018-01-03;494,5
2018-01-04;487,5
2018-01-05;486,5
2018-01-08;483,5
2018-01-09;495,5
2018-01-10;496,5
2018-01-11;494,5
2018-01-12;495,0
2018-01-15;490,0
2018-01-16;504,5
2018-01-17;505,0
2018-01-18;522,0
2018-01-19;522,0
2018-01-22;535,0
2018-01-23;538,5
2018-01-24;554,5
2018-01-25;573,5
2018-01-26;576,5
2018-01-29;596,0
2018-01-30;617,5
2018-01-31;628,5
2018-02-01;593,0
2018-02-02;593,0
2018-02-05;593,0
2018-02-06;593,0
2018-02-07;593,0
2018-02-08;593,0
2018-02-09;593,0
2018-02-12;593,0
2018-02-13;593,0
2018-02-14;593,0
2018-02-22;501,5
2018-02-23;506,0
2018-02-26;515,0
2018-02-27;520,0
2018-02-28;523,0
2018-03-01;513,0
2018-03-02;513,0
2018-03-05;513,0
2018-03-06;513,0
2018-03-07;513,0
2018-03-08;530,0
2018-03-09;491,0
2018-03-12;455,0
2018-03-13;491,0
2018-03-14;528,5
2018-03-15;513,0
2018-03-16;513,0
2018-03-19;508,5
2018-03-20;504,5
2018-03-21;494,5
2018-03-22;494,5
2018-03-23;497,5
2018-03-26;497,0
2018-03-27;497,0
2018-03-28;461,5
2018-03-29;461,5
2018-03-30;487,0
2018-04-02;487,0
2018-04-03;487,0
2018-04-04;487,0
2018-04-09;487,0
2018-04-10;487,0
2018-04-11;487,0
2018-04-12;487,0
2018-04-13;487,0
2018-04-16;487,0
2018-04-17;487,0
2018-04-18;431,0
2018-04-19;449,5
2018-04-20;455,0
2018-04-23;463,5
2018-04-24;465,0
2018-04-25;461,0
2018-04-26;464,0
2018-04-27;464,0
2018-05-02;466,0
2018-05-03;477,0
2018-05-04;485,0
2018-05-07;487,0
2018-05-08;491,5
2018-05-09;495,5
2018-05-10;494,0
2018-05-11;494,5
2018-05-14;493,5
2018-05-15;481,0
2018-05-16;509,0
2018-05-17;503,5
2018-05-18;517,0
2018-05-21;516,5
2018-05-22;516,0
2018-05-23;517,5
2018-05-24;517,0
2018-05-25;517,0
2018-05-28;528,0
2018-05-29;545,5
2018-05-30;573,0
2018-05-31;541,5
2018-06-01;483,5
2018-06-04;483,5
2018-06-05;483,5
2018-06-06;483,5
2018-06-07;483,5
2018-06-08;490,0
2018-06-11;478,5
2018-06-12;478,5
2018-06-13;478,5
2018-06-14;483,5
2018-06-15;431,0
2018-06-19;422,0
2018-06-20;422,5
2018-06-21;423,0
2018-06-22;422,5
2018-06-25;427,5
2018-06-26;427,5
2018-06-27;430,5
2018-06-28;434,5
2018-06-29;435,5
2018-07-02;436,5
2018-07-03;438,0
2018-07-04;439,5
2018-07-05;433,5
2018-07-06;433,5
2018-07-09;433,5
2018-07-10;429,5
2018-07-11;461,0
2018-07-12;424,5
2018-07-13;431,5
2018-07-16;456,0
2018-07-17;459,5
2018-07-18;462,0
2018-07-19;462,0
2018-07-20;462,0
2018-07-23;462,0
2018-07-24;462,0
2018-07-25;471,5
2018-07-26;460,0
2018-07-27;472,0
2018-07-30;487,0
2018-07-31;465,5
2018-08-01;502,5
2018-08-02;502,5
2018-08-03;502,5
2018-08-06;502,5
2018-08-07;502,5
2018-08-08;502,5
2018-08-09;502,5
2018-08-10;502,5
2018-08-13;502,5
2018-08-14;502,5
2018-08-15;510,5
2018-08-16;504,5
2018-08-17;508,0
2018-08-20;509,0
2018-08-21;500,5
2018-08-22;496,0
2018-08-23;494,0
2018-08-24;493,5
2018-08-27;489,0
2018-08-28;489,5
2018-08-29;493,5
2018-08-30;485,0
2018-08-31;481,0
2018-09-03;479,5
2018-09-04;480,5
2018-09-05;481,5
2018-09-06;493,5
2018-09-07;491,5
2018-09-10;482,0
2018-09-11;492,5
2018-09-12;490,0
2018-09-13;493,0
2018-09-14;488,5
2018-09-17;503,0
2018-09-18;506,0
2018-09-19;510,5
2018-09-20;512,5
2018-09-21;519,5
2018-09-25;525,0
2018-09-26;504,5
2018-09-27;517,5
2018-09-28;505,5
2018-10-08;505,5
2018-10-09;505,5
2018-10-10;505,5
2018-10-11;525,0
2018-10-12;525,0
2018-10-15;525,0
2018-10-16;525,0
2018-10-17;525,0
2018-10-18;525,0
2018-10-19;525,0
2018-10-22;532,0
2018-10-23;534,0
2018-10-24;543,0
2018-10-25;543,0
2018-10-26;548,5
2018-10-29;554,5
2018-10-30;556,5
2018-10-31;555,5
2018-11-01;556,0
2018-11-02;556,0
2018-11-05;556,0
2018-11-06;549,5
2018-11-07;549,5
2018-11-08;564,5
2018-11-09;595,0
2018-11-12;565,5
2018-11-13;545,0
2018-11-14;561,0
2018-11-15;545,0
2018-11-16;566,0
2018-11-19;565,5
2018-11-20;567,0
2018-11-21;564,0
2018-11-22;555,0
2018-11-23;536,0
2018-11-26;529,0
2018-11-27;503,5
2018-11-28;503,5
2018-11-29;503,5
2018-11-30;506,0
2018-12-03;491,5
2018-12-04;491,5
2018-12-05;499,5
2018-12-06;499,5
2018-12-07;499,5
2018-12-10;499,5
2018-12-11;499,5
2018-12-12;499,5
2018-12-13;499,5
2018-12-14;497,5
2018-12-17;521,5
2018-12-18;525,0
2018-12-19;526,5
2018-12-20;531,0
2018-12-21;539,0
2018-12-24;533,0
2018-12-25;533,0
2018-12-26;534,0
2018-12-27;535,0
2018-12-28;540,5
2019-01-02;545,0
2019-01-03;541,0
2019-01-04;555,0
2019-01-07;561,5
2019-01-08;569,0
2019-01-09;570,5
2019-01-10;570,0
2019-01-11;573,5
2019-01-14;566,0
2019-01-15;551,0
2019-01-16;533,5
2019-01-17;533,5
2019-01-18;541,0
2019-01-21;532,0
2019-01-22;545,0
2019-01-23;545,0
2019-01-24;545,0
2019-01-25;545,0
2019-01-28;543,5
2019-01-29;573,0
2019-01-30;594,0
2019-01-31;594,0
2019-02-01;616,5
2019-02-11;616,5
2019-02-12;653,0
2019-02-13;653,0
2019-02-14;653,0
2019-02-15;653,0
2019-02-18;653,0
2019-02-19;653,0
2019-02-20;653,0
2019-02-21;614,5
2019-02-22;651,0
2019-02-25;659,0
2019-02-26;634,0
2019-02-27;640,5
2019-02-28;647,5
2019-03-01;654,5
2019-03-04;664,5
2019-03-05;664,5
2019-03-06;632,0
2019-03-07;632,0
2019-03-08;666,5
2019-03-11;647,0
2019-03-12;615,0
2019-03-13;615,0
2019-03-14;652,0
2019-03-15;627,0
2019-03-18;649,0
2019-03-19;649,0
2019-03-20;631,5
2019-03-21;631,5
2019-03-22;623,0
2019-03-25;623,0
2019-03-26;623,0
2019-03-27;623,0
2019-03-28;623,0
2019-03-29;623,0
2019-04-01;623,0
2019-04-02;623,0
2019-04-03;623,0
2019-04-04;623,0
2019-04-08;623,0
2019-04-09;623,0
2019-04-10;660,0
2019-04-11;699,0
2019-04-12;699,0
2019-04-15;679,5
2019-04-16;704,0
2019-04-17;694,5
2019-04-18;687,0
2019-04-19;689,0
2019-04-22;702,5
2019-04-23;700,5
2019-04-24;696,5
2019-04-25;695,5
2019-04-26;696,0
2019-04-29;698,5
2019-04-30;712,5
2019-05-06;710,5
2019-05-07;724,0
2019-05-08;723,0
2019-05-09;721,5
2019-05-10;729,0
2019-05-13;728,5
2019-05-14;738,5
2019-05-15;734,5
2019-05-16;758,0
2019-05-17;720,0
2019-05-20;786,0
2019-05-21;784,0
2019-05-22;788,0
2019-05-23;799,5
2019-05-24;809,0
2019-05-27;842,0
2019-05-28;854,0
2019-05-29;833,5
2019-05-30;837,5
2019-05-31;836,0
2019-06-03;790,0
2019-06-04;787,0
2019-06-05;802,5
2019-06-06;802,5
2019-06-10;802,5
2019-06-11;831,5
2019-06-12;853,0
2019-06-13;853,0
2019-06-14;853,0
2019-06-17;790,0
2019-06-18;848,5
2019-06-19;875,0
2019-06-20;902,5
2019-06-21;914,0
2019-06-24;908,0
2019-06-25;908,5
2019-06-26;902,5
2019-06-27;926,0
2019-06-28;945,0
2019-07-01;951,0
2019-07-02;971,5
2019-07-03;988,5
2019-07-04;975,5
2019-07-05;958,5
2019-07-08;958,5
2019-07-09;958,5
2019-07-10;958,5
2019-07-11;958,5
2019-07-12;963,5
2019-07-15;928,0
2019-07-16;950,0
2019-07-17;934,5
2019-07-18;938,5
2019-07-19;945,5
2019-07-22;941,0
2019-07-23;938,0
2019-07-24;931,0
2019-07-25;938,5
2019-07-26;956,0
2019-07-29;954,5
2019-07-30;969,5
2019-07-31;972,0
2019-08-01;962,0
2019-08-02;933,0
2019-08-05;885,5
2019-08-06;872,0
2019-08-07;872,0
2019-08-08;829,5
2019-08-09;758,0
2019-08-12;730,5
2019-08-13;736,5
2019-08-14;870,0
2019-08-15;725,5
2019-08-16;731,0
2019-08-19;736,0
2019-08-20;728,5
2019-08-21;713,5
2019-08-22;691,0
2019-08-23;702,5
2019-08-26;709,5
2019-08-27;699,0
2019-08-28;691,0
2019-08-29;701,0
2019-08-30;719,5
2019-09-02;736,0
2019-09-03;758,0
2019-09-04;778,0
2019-09-05;792,5
2019-09-06;783,0
2019-09-09;791,0
2019-09-10;794,0
2019-09-11;816,5
2019-09-12;836,0
2019-09-16;761,0
2019-09-17;786,5
2019-09-18;804,5
2019-09-19;795,5
2019-09-20;778,0
2019-09-23;789,0
2019-09-24;782,5
2019-09-25;777,5
2019-09-26;782,0
2019-09-27;782,5
2019-09-30;792,5
2019-10-08;813,5
2019-10-09;813,5
2019-10-10;793,5
2019-10-11;797,0
2019-10-14;797,5
2019-10-15;797,5
2019-10-16;760,0
2019-10-17;760,0
2019-10-18;760,0
2019-10-21;803,0
2019-10-22;713,0
2019-10-23;720,5
2019-10-24;716,5
2019-10-25;708,5
2019-10-28;710,0
2019-10-29;698,5
2019-10-30;668,5
2019-10-31;674,0
2019-11-01;680,0
2019-11-04;683,5
2019-11-05;689,5
2019-11-06;685,0
2019-11-07;684,5
2019-11-08;676,0
2019-11-11;676,0
2019-11-12;676,0
2019-11-13;676,0
2019-11-14;683,0
2019-11-15;648,5
2019-11-18;649,5
2019-11-19;649,0
2019-11-20;652,5
2019-11-21;655,5
2019-11-22;662,5
2019-11-25;670,5
2019-11-26;663,0
2019-11-27;667,5
2019-11-28;668,0
2019-11-29;663,0
2019-12-02;663,0
2019-12-03;660,0
2019-12-04;665,5
2019-12-05;663,0
2019-12-06;642,0
2019-12-09;631,5
2019-12-10;631,5
2019-12-11;631,5
2019-12-12;638,0
2019-12-13;666,5
2019-12-16;687,0
2019-12-17;678,5
2019-12-18;674,0
2019-12-19;677,0
2019-12-20;677,0
2019-12-23;678,5
2019-12-24;679,0
2019-12-25;678,5
2019-12-26;674,0
2019-12-27;679,5
2019-12-30;683,0
2019-12-31;695,0
2020-01-02;705,5
2020-01-03;711,0
2020-01-06;709,5
2020-01-07;717,5
2020-01-08;742,0
2020-01-09;729,5
2020-01-10;726,5
2020-01-13;722,5
2020-01-14;735,5
2020-01-15;715,5
2020-01-16;714,0
2020-01-17;713,5
2020-01-20;713,0
2020-01-21;709,5
2020-01-22;701,0
2020-01-23;709,5
2020-02-03;693,5
2020-02-04;729,5
2020-02-05;693,5
2020-02-06;689,5
2020-02-07;648,5
2020-02-10;681,0
2020-02-11;681,0
2020-02-12;681,0
2020-02-13;660,0
2020-02-14;685,5
2020-02-17;666,5
2020-02-18;676,0
2020-02-19;682,5
2020-02-20;691,0
2020-02-21;702,0
2020-02-24;712,0
2020-02-25;696,5
2020-02-26;706,0
2020-02-27;703,0
2020-02-28;677,5
2020-03-02;715,0
2020-03-03;705,0
2020-03-04;705,0
2020-03-05;682,0
2020-03-06;682,0
2020-03-09;675,0
2020-03-10;685,0
2020-03-11;725,0
2020-03-12;700,0
2020-03-13;699,5
2020-03-16;717,0
2020-03-17;720,5
2020-03-18;727,0
2020-03-19;727,0
2020-03-20;734,5
2020-03-23;698,0
2020-03-24;681,0
2020-03-25;712,0
2020-03-26;695,0
2020-03-27;693,0
2020-03-30;679,5
2020-03-31;682,0
2020-04-01;683,0
2020-04-02;665,5
2020-04-03;688,0
2020-04-07;687,5
2020-04-08;660,0
2020-04-09;669,0
2020-04-10;633,0
2020-04-13;633,0
2020-04-14;633,0
2020-04-15;669,5
2020-04-16;681,5
2020-04-17;688,5
2020-04-20;694,0
2020-04-21;682,0
2020-04-22;673,0
2020-04-23;676,5
2020-04-24;674,5
2020-04-27;679,0
2020-04-28;678,5
2020-04-29;680,0
2020-04-30;691,0
2020-05-06;679,5
2020-05-07;676,5
2020-05-08;686,5
2020-05-11;687,0
2020-05-12;687,0
2020-05-13;697,0
2020-05-14;705,0
2020-05-15;724,5
2020-05-18;752,0
2020-05-19;688,0
2020-05-20;758,5
2020-05-21;760,5
2020-05-22;778,0
2020-05-25;780,0
2020-05-26;762,0
2020-05-27;758,5
2020-05-28;761,5
2020-05-29;776,0
2020-06-01;802,5
2020-06-02;778,0
2020-06-03;793,0
2020-06-04;792,5
2020-06-05;795,0
2020-06-08;796,5
2020-06-09;791,5
2020-06-10;816,0
2020-06-11;826,5
2020-06-12;784,0
2020-06-15;802,5
2020-06-16;808,5
2020-06-17;805,5
2020-06-18;809,0
2020-06-19;806,0
2020-06-22;796,5
2020-06-23;798,0
2020-06-24;806,0
2020-06-29;792,0
2020-06-30;788,5
2020-07-01;804,5
2020-07-02;797,0
2020-07-03;799,5
2020-07-06;809,5
2020-07-07;803,0
2020-07-08;840,0
2020-07-09;840,0
2020-07-10;827,5
2020-07-13;840,0
2020-07-14;807,5
2020-07-15;870,5
2020-07-16;868,0
2020-07-17;869,5
2020-07-20;867,0
2020-07-21;876,0
2020-07-22;886,5
2020-07-23;878,5
2020-07-24;870,0
2020-07-27;866,0
2020-07-28;873,5
2020-07-29;867,5
2020-07-30;875,0
2020-07-31;879,0
2020-08-03;893,0
2020-08-04;901,0
2020-08-05;905,0
2020-08-06;910,0
2020-08-07;889,0
2020-08-10;860,0
2020-08-11;863,0
2020-08-12;863,5
2020-08-13;885,5
2020-08-14;901,5
2020-08-17;901,0
2020-08-18;906,0
2020-08-19;915,5
2020-08-20;913,5
2020-08-21;920,0
2020-08-24;918,0
2020-08-25;914,5
2020-08-26;906,0
2020-08-27;908,5
2020-08-28;918,5
2020-08-31;935,5
2020-09-01;927,5
2020-09-02;929,0
2020-09-03;939,0
2020-09-04;941,5
2020-09-07;963,5
2020-09-08;946,0
2020-09-09;937,0
2020-09-10;938,5
2020-09-11;941,0
2020-09-14;942,5
2020-09-15;929,0
2020-09-16;911,5
2020-09-17;903,5
2020-09-18;915,5
2020-09-21;916,5
2020-09-22;916,0
2020-09-23;909,0
2020-09-24;906,5
2020-09-25;910,0
2020-09-28;914,0
2020-09-29;918,5
2020-09-30;960,5
2020-10-09;994,0
2020-10-12;977,5
2020-10-13;914,5
2020-10-14;906,0
2020-10-15;878,5
2020-10-16;869,5
2020-10-19;862,5
2020-10-20;867,0
2020-10-21;879,0
2020-10-22;936,0
2020-10-23;868,0
2020-10-26;860,0
2020-10-27;853,0
2020-10-28;843,5
2020-10-29;851,5
2020-10-30;859,0
2020-11-02;868,0
2020-11-03;878,5
2020-11-04;886,5
2020-11-05;878,0
2020-11-06;849,5
2020-11-09;810,5
2020-11-10;873,0
2020-11-11;920,0
2020-11-12;838,5
2020-11-13;866,0
2020-11-16;868,5
2020-11-17;877,5
2020-11-18;893,5
2020-11-19;910,5
2020-11-20;913,0
2020-11-23;912,0
2020-11-24;918,0
2020-11-25;922,0
2020-11-26;926,0
2020-11-27;930,5
2020-11-30;935,0
2020-12-01;931,0
2020-12-02;949,0
2020-12-03;949,0
2020-12-04;980,0
2020-12-07;980,0
2020-12-08;990,0
2020-12-09;1 024,5
2020-12-10;977,5
2020-12-11;1 024,5
2020-12-14;1 005,0
2020-12-15;1 050,5
2020-12-16;1 058,0
2020-12-17;1 064,5
2020-12-18;1 093,5
2020-12-21;1 151,5
2020-12-22;1 154,5
2020-12-23;1 093,0
2020-12-24;1 102,0
2020-12-25;1 100,0
2020-12-28;1 093,0
2020-12-29;1 112,5
2020-12-30;1 062,5
2020-12-31;1 079,0
2021-01-04;1 084,0
2021-01-05;1 102,0
2021-01-06;1 109,5
2021-01-07;1 104,0
2021-01-08;1 134,0
2021-01-11;1 139,0
2021-01-12;1 131,0
2021-01-13;1 142,0
2021-01-14;1 152,5
2021-01-15;1 119,5
2021-01-18;1 157,5
2021-01-19;1 161,0
2021-01-20;1 161,5
2021-01-21;1 160,5
2021-01-22;1 174,5
2021-01-25;1 169,0
2021-01-26;1 185,0
2021-01-27;1 188,5
2021-01-28;1 191,0
2021-01-29;1 183,5
2021-02-01;1 187,0
2021-02-02;1 261,0
2021-02-03;1 160,0
2021-02-04;1 160,0
2021-02-05;1 155,0
2021-02-08;1 155,0
2021-02-09;1 155,0
2021-02-10;1 155,0
2021-02-18;1 155,0
2021-02-19;1 160,0
2021-02-22;1 213,5
2021-02-23;1 208,0
2021-02-24;1 201,5
2021-02-25;1 220,5
2021-02-26;1 251,5
2021-03-01;1 257,0
2021-03-02;1 238,0
2021-03-03;1 238,0
2021-03-04;1 238,5
2021-03-05;1 272,0
2021-03-08;1 272,0
2021-03-09;1 177,0
2021-03-10;1 223,5
2021-03-11;1 223,5
2021-03-12;1 264,5
2021-03-15;1 147,5
2021-03-16;1 170,5
2021-03-17;1 174,0
2021-03-18;1 190,0
2021-03-19;1 180,5
2021-03-22;1 161,5
2021-03-23;1 149,5
2021-03-24;1 150,5
2021-03-25;1 162,0
2021-03-26;1 182,5
2021-03-29;1 177,5
2021-03-30;1 175,0
2021-03-31;1 174,0
2021-04-01;1 195,5
2021-04-02;1 189,5
2021-04-06;1 189,5
2021-04-07;1 189,5
2021-04-08;1 189,5
2021-04-09;1 189,5
2021-04-12;1 180,0
2021-04-13;1 180,0
2021-04-14;1 180,0
2021-04-15;1 192,0
2021-04-16;1 175,5
2021-04-19;1 187,0
2021-04-20;1 209,5
2021-04-21;1 216,0
2021-04-22;1 215,0
2021-04-23;1 222,5
2021-04-26;1 261,0
2021-04-27;1 269,0
2021-04-28;1 258,0
2021-04-29;1 250,0
2021-04-30;1 235,0
2021-05-06;1 235,5
2021-05-07;1 268,0
2021-05-10;1 372,0
2021-05-11;1 365,0
2021-05-12;1 373,5
2021-05-13;1 370,0
2021-05-14;1 236,5
2021-05-17;1 258,0
2021-05-18;1 284,0
2021-05-19;1 295,0
2021-05-20;1 212,0
2021-05-21;1 210,5
2021-05-24;1 161,0
2021-05-25;1 175,5
2021-05-26;1 153,0
2021-05-27;1 133,5
2021-05-28;1 155,0
2021-05-31;1 182,0
2021-06-01;1 267,0
2021-06-02;1 232,5
2021-06-03;1 279,5
2021-06-04;1 279,5
2021-06-07;1 279,5
2021-06-08;1 252,5
2021-06-09;1 270,0
2021-06-10;1 330,0
2021-06-11;1 340,0
2021-06-15;1 291,0
2021-06-16;1 283,5
2021-06-17;1 279,5
2021-06-18;1 291,0
2021-06-21;1 240,5
2021-06-22;1 215,5
2021-06-23;1 255,0
2021-06-24;1 321,5
2021-06-25;1 319,0
2021-06-28;1 352,0
2021-06-29;1 386,5
2021-06-30;1 381,0
2021-07-01;1 346,0
2021-07-02;1 346,0
2021-07-05;1 346,0
2021-07-06;1 346,0
2021-07-07;1 346,0
2021-07-08;1 346,0
2021-07-09;1 346,0
2021-07-12;1 346,0
2021-07-13;1 346,0
2021-07-14;1 346,0
2021-07-15;1 304,5
2021-07-16;1 307,5
2021-07-19;1 283,5
2021-07-20;1 295,5
2021-07-21;1 262,5
2021-07-22;1 217,0
2021-07-23;1 195,0
2021-07-26;1 198,5
2021-07-27;1 189,0
2021-07-28;1 157,0
2021-07-29;1 129,0
2021-07-30;1 031,5
2021-08-02;1 088,0
2021-08-03;1 135,0
2021-08-04;1 135,0
2021-08-05;1 135,0
2021-08-06;1 135,0
2021-08-09;1 135,0
2021-08-10;1 135,0
2021-08-11;1 104,0
2021-08-12;1 106,0
2021-08-13;1 119,0
2021-08-16;968,0
2021-08-17;973,0
2021-08-18;953,0
2021-08-19;891,5
2021-08-20;879,5
2021-08-23;895,0
2021-08-24;919,0
2021-08-25;936,0
2021-08-26;948,0
2021-08-27;951,0
2021-08-30;960,5
2021-08-31;933,5
2021-09-01;889,0
2021-09-02;888,5
2021-09-03;902,0
2021-09-06;887,0
2021-09-07;891,5
2021-09-08;808,5
2021-09-09;805,5
2021-09-10;832,0
2021-09-13;851,5
2021-09-14;884,5
2021-09-15;802,5
2021-09-16;755,0
2021-09-17;699,0
2021-09-22;654,5
2021-09-23;680,0
2021-09-24;688,5
2021-09-27;702,0
2021-09-28;692,0
2021-09-29;672,0
2021-09-30;715,0
2021-10-08;715,0
2021-10-11;715,0
2021-10-12;715,0
2021-10-13;717,0
2021-10-14;706,0
2021-10-15;748,0
2021-10-18;674,0
2021-10-19;674,0
2021-10-20;607,0
2021-10-21;723,0
2021-10-22;688,5
2021-10-25;684,0
2021-10-26;685,0
2021-10-27;688,5
2021-10-28;685,0
2021-10-29;641,5
2021-11-01;641,5
2021-11-02;633,5
2021-11-03;633,0
2021-11-04;586,5
2021-11-05;586,5
2021-11-08;586,5
2021-11-09;586,5
2021-11-10;586,5
2021-11-11;586,5
2021-11-12;633,0
2021-11-15;548,0
2021-11-16;545,5
2021-11-17;540,5
2021-11-18;527,0
2021-11-19;527,5
2021-11-22;546,5
2021-11-23;563,5
2021-11-24;586,0
2021-11-25;603,0
2021-11-26;603,0
2021-11-29;578,0
2021-11-30;598,0
2021-12-01;600,0
2021-12-02;605,5
2021-12-03;605,5
2021-12-06;598,0
2021-12-07;605,5
2021-12-08;639,0
2021-12-09;634,5
2021-12-10;633,0
2021-12-13;653,0
2021-12-14;602,0
2021-12-15;668,5
2021-12-16;677,5
2021-12-17;686,5
2021-12-20;681,5
2021-12-21;687,5
2021-12-22;689,0
2021-12-23;682,0
2021-12-24;699,5
2021-12-27;695,5
2021-12-28;684,5
2021-12-29;675,0
2021-12-30;686,0
2021-12-31;684,0
2022-01-04;680,5
2022-01-05;690,5
2022-01-06;696,5
2022-01-07;700,0
2022-01-10;701,5
2022-01-11;700,0
2022-01-12;735,0
2022-01-13;738,0
2022-01-14;721,5
2022-01-17;696,0
2022-01-18;719,0
2022-01-19;746,5
2022-01-20;748,0
2022-01-21;760,0
2022-01-24;759,0
2022-01-25;761,5
2022-01-26;763,0
2022-01-27;773,0
2022-01-28;801,5
2022-02-07;835,0
2022-02-08;835,0
2022-02-09;800,0
2022-02-10;808,5
2022-02-11;842,5
2022-02-14;806,0
2022-02-15;806,0
2022-02-16;725,5
2022-02-17;725,5
2022-02-18;808,0
2022-02-21;698,5
2022-02-22;724,5
2022-02-23;720,0
2022-02-24;728,0
2022-02-25;712,0
2022-02-28;718,0
2022-03-01;739,5
2022-03-02;772,5
2022-03-03;812,5
2022-03-04;822,0
2022-03-07;822,0
2022-03-08;822,0
2022-03-09;822,0
2022-03-10;822,0
2022-03-11;822,0
2022-03-14;847,5
2022-03-15;799,0
2022-03-16;794,5
2022-03-17;838,5
2022-03-18;851,0
2022-03-21;860,5
2022-03-22;853,5
2022-03-23;849,0
2022-03-24;854,0
2022-03-25;855,0
2022-03-28;909,5
2022-03-29;911,0
2022-03-30;863,5
2022-03-31;945,5
2022-04-01;940,5
2022-04-06;940,5
2022-04-07;930,0
2022-04-08;953,5
2022-04-11;949,5
2022-04-12;949,5
2022-04-13;949,5
2022-04-14;949,5
2022-04-15;949,5
2022-04-18;941,5
2022-04-19;938,0
2022-04-20;929,0
2022-04-21;932,0
2022-04-22;930,0
2022-04-25;890,0
2022-04-26;868,5
2022-04-27;887,5
2022-04-28;904,0
2022-04-29;944,5
2022-05-05;1 005,5
2022-05-06;972,0
2022-05-09;967,0
2022-05-10;938,0
2022-05-11;992,5
2022-05-12;978,5
2022-05-13;951,0
2022-05-16;985,5
2022-05-17;985,0
2022-05-18;982,5
2022-05-19;920,0
2022-05-20;939,5
2022-05-23;966,0
2022-05-24;961,0
2022-05-25;952,0
2022-05-26;948,5
2022-05-27;960,5
2022-05-30;961,5
2022-05-31;954,5
2022-06-01;954,5
2022-06-02;940,0
2022-06-06;964,0
2022-06-07;977,0
2022-06-08;992,0
2022-06-09;992,0
2022-06-10;992,0
2022-06-13;992,0
2022-06-14;1 020,0
2022-06-15;955,0
2022-06-16;956,5
2022-06-17;939,0
2022-06-20;881,5
2022-06-21;855,5
2022-06-22;826,5
2022-06-23;835,5
2022-06-24;842,5
2022-06-27;855,0
2022-06-28;874,0
2022-06-29;877,0
2022-06-30;877,5
2022-07-01;852,5
2022-07-04;852,5
2022-07-05;852,5
2022-07-06;852,5
2022-07-07;852,5
2022-07-08;852,5
2022-07-11;852,5
2022-07-12;852,5
2022-07-13;852,5
2022-07-14;852,5
2022-07-15;726,0
2022-07-18;715,5
2022-07-19;739,0
2022-07-20;726,0
2022-07-21;721,0
2022-07-22;718,0
2022-07-25;743,5
2022-07-26;751,5
2022-07-27;796,0
2022-07-28;812,0
2022-07-29;832,5
2022-08-01;824,0
2022-08-02;844,0
2022-08-03;836,5
2022-08-04;789,0
2022-08-05;789,0
2022-08-08;789,0
2022-08-09;789,0
2022-08-10;789,0
2022-08-11;789,0
2022-08-12;789,5
2022-08-15;793,5
2022-08-16;787,0
2022-08-17;777,0
2022-08-18;764,0
2022-08-19;759,0
2022-08-22;761,5
2022-08-23;766,5
2022-08-24;776,5
2022-08-25;782,5
2022-08-26;793,0
2022-08-29;792,5
2022-08-30;781,5
2022-08-31;768,0
2022-09-01;770,5
2022-09-02;751,0
2022-09-05;753,5
2022-09-06;775,0
2022-09-07;768,0
2022-09-08;773,0
2022-09-09;786,0
2022-09-13;803,0
2022-09-14;803,0
2022-09-15;768,0
2022-09-16;784,5
2022-09-19;788,0
2022-09-20;782,0
2022-09-21;763,5
2022-09-22;766,5
2022-09-23;769,0
2022-09-26;752,5
2022-09-27;755,5
2022-09-28;770,5
2022-09-29;771,0
2022-09-30;762,0
2022-10-10;773,5
2022-10-11;764,5
2022-10-12;753,5
2022-10-13;753,5
2022-10-14;753,5
2022-10-17;753,5
2022-10-18;753,5
2022-10-19;750,0
2022-10-20;750,0
2022-10-21;762,5
2022-10-24;726,5
2022-10-25;725,0
2022-10-26;720,0
2022-10-27;715,5
2022-10-28;696,5
2022-10-31;664,5
2022-11-01;641,5
2022-11-02;649,0
2022-11-03;669,5
2022-11-04;669,5
2022-11-07;669,5
2022-11-08;669,5
2022-11-09;669,5
2022-11-10;669,5
2022-11-11;669,5
2022-11-14;650,0
2022-11-15;742,0
2022-11-16;751,0
2022-11-17;755,0
2022-11-18;768,5
2022-11-21;766,5
2022-11-22;759,0
2022-11-23;739,5
2022-11-24;747,5
2022-11-25;751,5
2022-11-28;764,5
2022-11-29;769,0
2022-11-30;767,5
2022-12-01;768,0
2022-12-02;768,5
2022-12-05;793,0
2022-12-06;793,5
2022-12-07;793,5
2022-12-08;793,5
2022-12-09;820,0
2022-12-12;806,0
2022-12-13;806,0
2022-12-14;801,0
2022-12-15;841,0
2022-12-16;847,0
2022-12-19;828,5
2022-12-20;824,5
2022-12-21;831,0
2022-12-22;843,0
2022-12-23;833,0
2022-12-26;834,5
2022-12-27;835,5
2022-12-28;837,0
2022-12-29;840,0
2022-12-30;857,0
2023-01-03;849,0
2023-01-04;861,5
2023-01-05;848,5
2023-01-06;840,5
2023-01-09;842,5
2023-01-10;845,0
2023-01-11;848,0
2023-01-12;894,5
2023-01-13;896,5
2023-01-16;852,5
2023-01-17;858,5
2023-01-18;864,0
2023-01-19;865,5
2023-01-20;871,0
2023-01-30;897,0
2023-01-31;900,5
2023-02-01;905,0
2023-02-02;888,5
2023-02-03;887,0
2023-02-06;882,5
2023-02-07;885,0
2023-02-08;885,0
2023-02-09;895,0
2023-02-10;895,0
2023-02-13;869,5
2023-02-14;902,5
2023-02-15;897,5
2023-02-16;898,0
2023-02-17;908,0
2023-02-20;916,5
2023-02-21;937,5
2023-02-22;935,5
2023-02-23;933,0
2023-02-24;932,0
2023-02-27;922,0
2023-02-28;917,0
2023-03-01;945,5
2023-03-02;958,5
2023-03-03;954,0
2023-03-06;942,0
2023-03-07;942,0
2023-03-08;942,0
2023-03-09;960,0
2023-03-10;958,0
2023-03-13;958,0
2023-03-14;953,5
2023-03-15;957,0
2023-03-16;941,5
2023-03-17;934,0
2023-03-20;948,0
2023-03-21;927,0
2023-03-22;915,5
2023-03-23;911,0
2023-03-24;899,5
2023-03-27;907,0
2023-03-28;910,5
2023-03-29;933,5
2023-03-30;943,0
2023-03-31;958,0
2023-04-03;962,5
2023-04-04;955,5
2023-04-06;928,0
2023-04-07;928,0
2023-04-10;945,0
2023-04-11;945,0
2023-04-12;945,0
2023-04-13;945,0
2023-04-14;945,0
2023-04-17;937,5
2023-04-18;898,5
2023-04-19;905,5
2023-04-20;894,5
2023-04-21;873,0
2023-04-24;833,0
2023-04-25;819,5
2023-04-26;814,0
2023-04-27;835,5
2023-04-28;850,0
2023-05-04;846,0
2023-05-05;818,0
2023-05-08;831,0
2023-05-09;859,5
2023-05-10;842,0
2023-05-11;821,0
2023-05-12;831,5
2023-05-15;831,5
2023-05-16;833,5
2023-05-17;832,0
2023-05-18;824,5
2023-05-19;814,0
2023-05-22;808,5
2023-05-23;794,5
2023-05-24;777,0
2023-05-25;767,0
2023-05-26;771,0
2023-05-29;792,5
2023-05-30;796,0
2023-05-31;778,5
2023-06-01;794,5
2023-06-02;818,5
2023-06-05;833,0
2023-06-06;840,5
2023-06-07;830,0
2023-06-08;843,5
2023-06-09;843,5
2023-06-12;843,5
2023-06-13;843,5
2023-06-14;827,5
2023-06-15;875,5
2023-06-16;873,5
2023-06-19;877,0
2023-06-20;869,5
2023-06-21;867,0
2023-06-26;860,0
2023-06-27;866,5
2023-06-28;884,5
2023-06-29;884,0
2023-06-30;885,5
2023-07-03;882,5
2023-07-04;877,5
2023-07-05;874,5
2023-07-06;874,5
2023-07-07;873,5
2023-07-10;873,5
2023-07-11;873,5
2023-07-12;873,5
2023-07-13;873,5
2023-07-14;879,0
2023-07-17;881,0
2023-07-18;882,5
2023-07-19;883,0
2023-07-20;889,5
2023-07-21;888,5
2023-07-24;885,5
2023-07-25;888,0
2023-07-26;905,0
2023-07-27;902,0
2023-07-28;895,5
2023-07-31;897,5
2023-08-01;914,5
2023-08-02;915,5
2023-08-03;912,0
2023-08-04;913,0
2023-08-07;904,0
2023-08-08;882,0
2023-08-09;885,5
2023-08-10;885,5
2023-08-11;885,5
2023-08-14;908,0
2023-08-15;821,0
2023-08-16;825,0
2023-08-17;835,0
2023-08-18;856,0
2023-08-21;863,0
2023-08-22;880,5
2023-08-23;906,5
2023-08-24;897,0
2023-08-25;888,0
2023-08-28;889,5
2023-08-29;882,0
2023-08-30;887,0
2023-08-31;916,0
2023-09-01;918,5
2023-09-04;919,0
2023-09-05;924,0
2023-09-06;918,5
2023-09-07;915,5
2023-09-08;907,0
2023-09-11;908,5
2023-09-12;932,0
2023-09-13;938,0
2023-09-14;918,0
2023-09-15;937,5
2023-09-18;936,0
2023-09-19;942,5
2023-09-20;948,5
2023-09-21;945,0
2023-09-22;943,5
2023-09-25;939,0
2023-09-26;924,5
2023-09-27;923,5
2023-09-28;930,5
2023-10-09;918,5
2023-10-10;914,5
2023-10-11;898,0
2023-10-12;909,5
2023-10-13;920,0
2023-10-16;920,5
2023-10-17;920,5
2023-10-18;920,5
2023-10-19;920,5
2023-10-20;917,5
2023-10-23;902,0
2023-10-24;912,0
2023-10-25;936,0
2023-10-26;938,5
2023-10-27;941,0
2023-10-30;958,5
2023-10-31;963,5
